DSE_ID,COLL_ID,ENDPOINT_ID,ENDPOINT_URL,MSG_ID,TIME_STAMP,id,att1,att2,att3,att4,att5,attt6,label
1,1,1,http://192.168.0.124,2291,2019-07-20 13:01:46.583116673,769,0,1,7,0,257,818,0
1,1,1,http://192.168.0.124,2292,2019-07-20 13:01:46.583567108,23,0,1,7,0,311,354,0
1,1,1,http://192.168.0.124,2293,2019-07-20 13:01:46.584063469,114,4,2,2,0,89,41,0
1,1,1,http://192.168.0.124,2294,2019-07-20 13:01:46.584539390,660,0,1,7,0,192,491,0
1,1,1,http://192.168.0.124,2295,2019-07-20 13:01:46.585050338,893,0,1,7,0,192,755,0
1,1,1,http://192.168.0.124,2296,2019-07-20 13:01:46.585420890,53,0,1,7,0,341,1473,0
1,1,1,http://192.168.0.124,2297,2019-07-20 13:01:46.586071238,987,0,1,7,0,210,1295,0
1,1,1,http://192.168.0.124,2298,2019-07-20 13:01:46.586516344,878,0,1,12,0,1533,330,0
1,1,1,http://192.168.0.124,2299,2019-07-20 13:01:46.587020083,110,0,1,7,0,322,424,0
1,1,1,http://192.168.0.124,2300,2019-07-20 13:01:46.587471237,91,0,1,7,0,309,1109,0
1,1,1,http://192.168.0.124,2301,2019-07-20 13:01:46.587945303,128,0,1,7,0,279,891,0
1,1,1,http://192.168.0.124,2302,2019-07-20 13:01:46.588305697,363,0,1,7,0,219,643,0
1,1,1,http://192.168.0.124,2303,2019-07-20 13:01:46.589163676,251,0,1,7,0,296,6903,0
1,1,1,http://192.168.0.124,2304,2019-07-20 13:01:46.589896184,744,0,1,7,0,207,308,0
1,1,1,http://192.168.0.124,2305,2019-07-20 13:01:46.590368636,778,0,1,7,0,214,609,0
1,1,1,http://192.168.0.124,2306,2019-07-20 13:01:46.590824436,819,0,1,7,0,315,3730,0
1,1,1,http://192.168.0.124,2307,2019-07-20 13:01:46.591231353,310,0,1,7,0,274,1046,0
1,1,1,http://192.168.0.124,2308,2019-07-20 13:01:46.591725845,849,0,1,11,1,0,0,1
1,1,1,http://192.168.0.124,2309,2019-07-20 13:01:46.592192356,247,0,2,2,0,79,32,0
1,1,1,http://192.168.0.124,2310,2019-07-20 13:01:46.592704300,796,0,1,7,0,303,280,0
1,1,1,http://192.168.0.124,2311,2019-07-20 13:01:46.593362455,919,0,1,7,0,309,1008,0
1,1,1,http://192.168.0.124,2312,2019-07-20 13:01:46.594084636,214,0,1,11,1,0,0,1
1,1,1,http://192.168.0.124,2313,2019-07-20 13:01:46.594450790,429,0,1,7,0,257,23652,0
1,1,1,http://192.168.0.124,2314,2019-07-20 13:01:46.594938767,117,0,1,7,0,234,1035,0
1,1,1,http://192.168.0.124,2315,2019-07-20 13:01:46.595407253,998,0,1,11,1,0,0,1
1,1,1,http://192.168.0.124,2316,2019-07-20 13:01:46.595883683,547,0,1,5,0,8,0,0
1,1,1,http://192.168.0.124,2317,2019-07-20 13:01:46.596337141,144,0,1,11,1,0,0,1
1,1,1,http://192.168.0.124,2318,2019-07-20 13:01:46.596789006,948,0,1,7,0,225,1632,0
1,1,1,http://192.168.0.124,2319,2019-07-20 13:01:46.597161822,718,0,1,12,0,4031,322,0
1,1,1,http://192.168.0.124,2320,2019-07-20 13:01:46.597626744,567,1,1,12,0,1148,327,0
1,1,1,http://192.168.0.124,2321,2019-07-20 13:01:46.598099363,120,0,1,11,1,0,0,1
1,1,1,http://192.168.0.124,2322,2019-07-20 13:01:46.598636491,504,0,1,7,0,323,12547,0
1,1,1,http://192.168.0.124,2323,2019-07-20 13:01:46.599094693,729,0,1,7,0,213,261,0
1,1,1,http://192.168.0.124,2324,2019-07-20 13:01:46.599481265,219,0,1,7,0,277,4183,0
1,1,1,http://192.168.0.124,2325,2019-07-20 13:01:46.599965015,695,0,1,7,0,233,2019,0
1,1,1,http://192.168.0.124,2326,2019-07-20 13:01:46.600435065,475,79,1,7,0,231,328,0
1,1,1,http://192.168.0.124,2327,2019-07-20 13:01:46.600895579,140,0,1,7,0,222,773,0
1,1,1,http://192.168.0.124,2328,2019-07-20 13:01:46.601388914,308,0,1,5,0,9,139,0
1,1,1,http://192.168.0.124,2329,2019-07-20 13:01:46.602053476,782,0,1,11,1,0,0,1
1,1,1,http://192.168.0.124,2330,2019-07-20 13:01:46.602413394,860,0,1,7,0,302,1263,0
1,1,1,http://192.168.0.124,2331,2019-07-20 13:01:46.602888482,483,0,1,7,0,301,544,0
1,1,1,http://192.168.0.124,2332,2019-07-20 13:01:46.603381470,55,0,1,7,0,311,4896,0
1,1,1,http://192.168.0.124,2333,2019-07-20 13:01:46.603881690,441,0,1,7,0,308,934,0
1,1,1,http://192.168.0.124,2334,2019-07-20 13:01:46.604367570,779,0,1,7,0,309,757,0
1,1,1,http://192.168.0.124,2335,2019-07-20 13:01:46.604989936,976,0,1,7,0,195,1666,0
1,1,1,http://192.168.0.124,2336,2019-07-20 13:01:46.605476099,662,0,1,7,0,231,36340,0
1,1,1,http://192.168.0.124,2337,2019-07-20 13:01:46.605972512,255,0,1,7,0,313,5545,0
1,1,1,http://192.168.0.124,2338,2019-07-20 13:01:46.606340674,331,0,1,11,1,0,0,1
1,1,1,http://192.168.0.124,2339,2019-07-20 13:01:46.606790057,129,0,1,7,0,343,1988,0
1,1,1,http://192.168.0.124,2340,2019-07-20 13:01:46.607239311,530,0,1,7,0,216,316,0
1,1,1,http://192.168.0.124,2341,2019-07-20 13:01:46.607690566,631,0,1,7,0,204,17602,0
1,1,1,http://192.168.0.124,2342,2019-07-20 13:01:46.608188470,960,0,2,10,0,48,48,0
1,1,1,http://192.168.0.124,2343,2019-07-20 13:01:46.608656931,551,0,1,8,1,0,0,1
1,1,1,http://192.168.0.124,2344,2019-07-20 13:01:46.609050612,787,0,1,11,1,0,0,1
1,1,1,http://192.168.0.124,2345,2019-07-20 13:01:46.609585119,649,0,1,7,0,305,944,0
1,1,1,http://192.168.0.124,2346,2019-07-20 13:01:46.610076447,701,0,1,7,0,233,504,0
1,1,1,http://192.168.0.124,2347,2019-07-20 13:01:46.610524030,646,0,1,7,0,242,1416,0
1,1,1,http://192.168.0.124,2348,2019-07-20 13:01:46.610974808,874,0,1,12,0,2302,410,0
1,1,1,http://192.168.0.124,2349,2019-07-20 13:01:46.611484880,476,0,2,2,0,89,0,0
1,1,1,http://192.168.0.124,2350,2019-07-20 13:01:46.611878780,534,0,1,7,0,160,7226,0
1,1,1,http://192.168.0.124,2351,2019-07-20 13:01:46.612329550,438,0,1,12,0,780,326,0
1,1,1,http://192.168.0.124,2352,2019-07-20 13:01:46.613299159,925,0,0,4,0,30,0,0
1,1,1,http://192.168.0.124,2353,2019-07-20 13:01:46.613899446,324,0,1,7,0,231,1046,0
1,1,1,http://192.168.0.124,2354,2019-07-20 13:01:46.614364575,439,0,1,7,0,155,2026,0
1,1,1,http://192.168.0.124,2355,2019-07-20 13:01:46.614733616,836,1,1,12,0,1338,334,0
1,1,1,http://192.168.0.124,2356,2019-07-20 13:01:46.615415123,373,0,1,7,0,208,934,0
1,1,1,http://192.168.0.124,2357,2019-07-20 13:01:46.615918749,332,0,1,7,0,329,1735,0
1,1,1,http://192.168.0.124,2358,2019-07-20 13:01:46.616381499,623,0,1,7,0,219,1337,0
1,1,1,http://192.168.0.124,2359,2019-07-20 13:01:46.616837646,770,0,1,7,0,308,2345,0
1,1,1,http://192.168.0.124,2360,2019-07-20 13:01:46.617291410,33,0,1,7,0,223,384,0
1,1,1,http://192.168.0.124,2361,2019-07-20 13:01:46.617758083,132,0,1,11,1,0,0,1
1,1,1,http://192.168.0.124,2362,2019-07-20 13:01:46.618220478,535,0,1,7,0,177,3525,0
1,1,1,http://192.168.0.124,2363,2019-07-20 13:01:46.618673747,380,0,1,7,0,277,891,0
1,1,1,http://192.168.0.124,2364,2019-07-20 13:01:46.619135063,605,0,1,11,1,0,0,1
1,1,1,http://192.168.0.124,2365,2019-07-20 13:01:46.619584520,719,0,1,7,0,216,17733,0
1,1,1,http://192.168.0.124,2366,2019-07-20 13:01:46.620051572,340,0,1,7,0,289,8841,0
1,1,1,http://192.168.0.124,2367,2019-07-20 13:01:46.620419142,913,0,1,7,0,316,1416,0
1,1,1,http://192.168.0.124,2368,2019-07-20 13:01:46.620876760,706,0,1,7,0,193,1639,0
1,1,1,http://192.168.0.124,2369,2019-07-20 13:01:46.621336616,857,0,1,7,0,217,2658,0
1,1,1,http://192.168.0.124,2370,2019-07-20 13:01:46.621890898,935,0,1,7,0,335,918,0
1,1,1,http://192.168.0.124,2371,2019-07-20 13:01:46.622347965,501,0,1,7,0,201,706,0
1,1,1,http://192.168.0.124,2372,2019-07-20 13:01:46.622765312,914,0,1,12,0,971,335,0
1,1,1,http://192.168.0.124,2373,2019-07-20 13:01:46.623232095,780,0,1,7,0,395,448,0
1,1,1,http://192.168.0.124,2374,2019-07-20 13:01:46.623712815,423,0,1,7,0,315,12161,0
1,1,1,http://192.168.0.124,2375,2019-07-20 13:01:46.624176673,274,0,1,11,1,0,0,1
1,1,1,http://192.168.0.124,2376,2019-07-20 13:01:46.624676038,185,0,1,7,0,192,382,0
1,1,1,http://192.168.0.124,2377,2019-07-20 13:01:46.625491674,5,0,1,7,0,200,3166,0
1,1,1,http://192.168.0.124,2378,2019-07-20 13:01:46.626044671,751,0,0,4,0,30,0,0
1,1,1,http://192.168.0.124,2379,2019-07-20 13:01:46.626423749,28,0,1,7,0,212,1940,0
1,1,1,http://192.168.0.124,2380,2019-07-20 13:01:46.626908244,844,0,1,7,0,211,3292,0
1,1,1,http://192.168.0.124,2381,2019-07-20 13:01:46.627365006,1009,0,1,7,0,233,1719,0
1,1,1,http://192.168.0.124,2382,2019-07-20 13:01:46.627818260,619,0,1,7,0,239,1691,0
1,1,1,http://192.168.0.124,2383,2019-07-20 13:01:46.628319477,369,0,1,7,0,203,2785,0
1,1,1,http://192.168.0.124,2384,2019-07-20 13:01:46.628834220,420,0,1,12,0,523,277,0
1,1,1,http://192.168.0.124,2385,2019-07-20 13:01:46.629212279,277,0,1,11,1,0,0,1
1,1,1,http://192.168.0.124,2386,2019-07-20 13:01:46.629768054,105,0,1,7,0,239,968,0
1,1,1,http://192.168.0.124,2387,2019-07-20 13:01:46.630257684,313,0,1,11,1,0,0,1
1,1,1,http://192.168.0.124,2388,2019-07-20 13:01:46.630767268,838,0,1,7,0,288,9477,0
1,1,1,http://192.168.0.124,2389,2019-07-20 13:01:46.631223596,959,0,1,7,0,208,2000,0
1,1,1,http://192.168.0.124,2390,2019-07-20 13:01:46.631634092,818,0,1,11,1,0,0,1
1,1,1,http://192.168.0.124,2391,2019-07-20 13:01:46.632118293,123,0,1,7,0,296,316,0
1,1,1,http://192.168.0.124,2392,2019-07-20 13:01:46.632567567,477,0,0,3,0,30,0,0
1,1,1,http://192.168.0.124,2393,2019-07-20 13:01:46.633148658,42,0,1,7,0,244,1256,0
1,1,1,http://192.168.0.124,2394,2019-07-20 13:01:46.633610557,320,0,1,7,0,297,2000,0
1,1,1,http://192.168.0.124,2395,2019-07-20 13:01:46.634068288,831,0,1,7,0,302,1263,0
1,1,1,http://192.168.0.124,2396,2019-07-20 13:01:46.634428211,153,0,1,7,0,257,459,0
1,1,1,http://192.168.0.124,2397,2019-07-20 13:01:46.634923575,1006,0,1,11,1,0,0,1
1,1,1,http://192.168.0.124,2398,2019-07-20 13:01:46.635379279,178,0,1,11,1,0,0,1
1,1,1,http://192.168.0.124,2399,2019-07-20 13:01:46.635866067,323,0,1,7,0,285,25519,0
1,1,1,http://192.168.0.124,2400,2019-07-20 13:01:46.637476159,538,257,1,13,0,181,1222,0
1,1,1,http://192.168.0.124,2401,2019-07-20 13:01:46.638278371,248,0,1,11,1,0,0,1
1,1,1,http://192.168.0.124,2402,2019-07-20 13:01:46.638669896,994,0,1,7,0,198,74810,0
1,1,1,http://192.168.0.124,2403,2019-07-20 13:01:46.639138141,50,0,1,7,0,245,11660,0
1,1,1,http://192.168.0.124,2404,2019-07-20 13:01:46.639668158,733,0,1,7,0,281,757,0
1,1,1,http://192.168.0.124,2405,2019-07-20 13:01:46.640131314,548,0,1,11,1,0,0,1
1,1,1,http://192.168.0.124,2406,2019-07-20 13:01:46.640588104,514,0,1,7,0,199,2596,0
1,1,1,http://192.168.0.124,2407,2019-07-20 13:01:46.640960619,95,0,1,11,1,0,0,1
1,1,1,http://192.168.0.124,2408,2019-07-20 13:01:46.641424826,947,0,1,7,0,229,2083,0
1,1,1,http://192.168.0.124,2409,2019-07-20 13:01:46.641924153,485,0,1,7,0,207,1415,0
1,1,1,http://192.168.0.124,2410,2019-07-20 13:01:46.642492501,608,0,1,7,0,339,993,0
1,1,1,http://192.168.0.124,2411,2019-07-20 13:01:46.642982808,758,0,1,7,0,219,1571,0
1,1,1,http://192.168.0.124,2412,2019-07-20 13:01:46.643446011,88,0,1,7,0,239,638,0
1,1,1,http://192.168.0.124,2413,2019-07-20 13:01:46.643819528,983,21,1,6,0,227,766,0
1,1,1,http://192.168.0.124,2414,2019-07-20 13:01:46.644283529,843,0,1,7,0,277,632,0
1,1,1,http://192.168.0.124,2415,2019-07-20 13:01:46.644740288,645,0,1,11,1,0,0,1
1,1,1,http://192.168.0.124,2416,2019-07-20 13:01:46.645203010,82,0,1,7,0,207,6192,0
1,1,1,http://192.168.0.124,2417,2019-07-20 13:01:46.645663791,377,0,1,7,0,306,1721,0
1,1,1,http://192.168.0.124,2418,2019-07-20 13:01:46.646127776,49,0,1,7,0,333,2019,0
1,1,1,http://192.168.0.124,2419,2019-07-20 13:01:46.646493344,10,0,1,11,1,0,0,1
1,1,1,http://192.168.0.124,2420,2019-07-20 13:01:46.646951928,965,0,1,7,0,328,1565,0
1,1,1,http://192.168.0.124,2421,2019-07-20 13:01:46.647529919,657,0,1,7,0,268,338,0
1,1,1,http://192.168.0.124,2422,2019-07-20 13:01:46.648055639,465,0,1,7,0,214,25519,0
1,1,1,http://192.168.0.124,2423,2019-07-20 13:01:46.648550916,467,0,1,7,0,241,253,0
1,1,1,http://192.168.0.124,2424,2019-07-20 13:01:46.648940495,225,0,1,7,0,259,3917,0
1,1,1,http://192.168.0.124,2425,2019-07-20 13:01:46.649400625,664,0,1,7,0,215,2075,0
1,1,1,http://192.168.0.124,2426,2019-07-20 13:01:46.650046610,137,0,1,7,0,280,2071,0
1,1,1,http://192.168.0.124,2427,2019-07-20 13:01:46.650520181,612,0,1,7,0,300,3218,0
1,1,1,http://192.168.0.124,2428,2019-07-20 13:01:46.650980435,382,0,1,7,0,200,658,0
1,1,1,http://192.168.0.124,2429,2019-07-20 13:01:46.651446857,862,0,1,7,0,213,12446,0
1,1,1,http://192.168.0.124,2430,2019-07-20 13:01:46.651897887,398,0,1,7,0,225,11059,0
1,1,1,http://192.168.0.124,2431,2019-07-20 13:01:46.652359904,83,0,1,7,0,213,2325,0
1,1,1,http://192.168.0.124,2432,2019-07-20 13:01:46.652908026,264,0,1,12,0,946,331,0
1,1,1,http://192.168.0.124,2433,2019-07-20 13:01:46.653416271,245,0,1,7,0,212,984,0
1,1,1,http://192.168.0.124,2434,2019-07-20 13:01:46.653921830,461,0,1,7,0,203,316,0
1,1,1,http://192.168.0.124,2435,2019-07-20 13:01:46.654427902,361,0,1,11,1,0,0,1
1,1,1,http://192.168.0.124,2436,2019-07-20 13:01:46.654867851,463,0,1,7,0,198,609,0
1,1,1,http://192.168.0.124,2437,2019-07-20 13:01:46.655369332,241,0,1,7,0,212,1227,0
1,1,1,http://192.168.0.124,2438,2019-07-20 13:01:46.655867699,286,0,1,7,0,309,3368,0
1,1,1,http://192.168.0.124,2439,2019-07-20 13:01:46.656328000,374,0,1,7,0,156,4145,0
1,1,1,http://192.168.0.124,2440,2019-07-20 13:01:46.656787089,963,0,1,7,0,317,4973,0
1,1,1,http://192.168.0.124,2441,2019-07-20 13:01:46.657161474,822,0,1,7,0,216,1645,0
1,1,1,http://192.168.0.124,2442,2019-07-20 13:01:46.657714031,118,0,1,12,0,15744,1869,0
1,1,1,http://192.168.0.124,2443,2019-07-20 13:01:46.658235356,824,0,1,5,0,9,140,0
1,1,1,http://192.168.0.124,2444,2019-07-20 13:01:46.658694329,261,0,1,12,0,9640,489,0
1,1,1,http://192.168.0.124,2445,2019-07-20 13:01:46.659075011,237,1,1,12,0,1550,326,0
1,1,1,http://192.168.0.124,2446,2019-07-20 13:01:46.659529320,194,0,1,12,0,1705,494,0
1,1,1,http://192.168.0.124,2447,2019-07-20 13:01:46.659996626,456,0,1,7,0,241,944,0
1,1,1,http://192.168.0.124,2448,2019-07-20 13:01:46.660787734,1008,0,1,7,0,235,3211,0
1,1,1,http://192.168.0.124,2449,2019-07-20 13:01:46.661584207,60,0,1,11,1,0,0,1
1,1,1,http://192.168.0.124,2450,2019-07-20 13:01:46.662019108,820,0,1,7,0,260,1984,0
1,1,1,http://192.168.0.124,2451,2019-07-20 13:01:46.662493213,391,0,2,10,0,48,48,0
1,1,1,http://192.168.0.124,2452,2019-07-20 13:01:46.663000510,67,0,1,7,0,237,1691,0
1,1,1,http://192.168.0.124,2453,2019-07-20 13:01:46.663467018,506,0,1,7,0,309,491,0
1,1,1,http://192.168.0.124,2454,2019-07-20 13:01:46.663958645,414,0,1,7,0,192,7355,0
1,1,1,http://192.168.0.124,2455,2019-07-20 13:01:46.664424388,828,0,1,7,0,215,1869,0
1,1,1,http://192.168.0.124,2456,2019-07-20 13:01:46.664801245,549,0,1,7,0,234,335,0
1,1,1,http://192.168.0.124,2457,2019-07-20 13:01:46.665267404,786,0,1,11,1,0,0,1
1,1,1,http://192.168.0.124,2458,2019-07-20 13:01:46.665825196,985,0,1,11,1,0,0,1
1,1,1,http://192.168.0.124,2459,2019-07-20 13:01:46.666296920,125,0,1,7,0,349,1425,0
1,1,1,http://192.168.0.124,2460,2019-07-20 13:01:46.666764969,197,0,1,7,0,212,1309,0
1,1,1,http://192.168.0.124,2461,2019-07-20 13:01:46.667230242,720,0,1,7,0,305,934,0
1,1,1,http://192.168.0.124,2462,2019-07-20 13:01:46.667608709,416,0,1,11,1,0,0,1
1,1,1,http://192.168.0.124,2463,2019-07-20 13:01:46.668078924,966,0,1,7,0,280,2071,0
1,1,1,http://192.168.0.124,2464,2019-07-20 13:01:46.668535059,875,0,1,7,0,152,5476,0
1,1,1,http://192.168.0.124,2465,2019-07-20 13:01:46.669033891,370,0,1,12,0,3366,329,0
1,1,1,http://192.168.0.124,2466,2019-07-20 13:01:46.669617845,500,0,1,7,0,210,1663,0
1,1,1,http://192.168.0.124,2467,2019-07-20 13:01:46.670004973,594,0,1,7,0,219,11283,0
1,1,1,http://192.168.0.124,2468,2019-07-20 13:01:46.670465787,134,0,1,7,0,223,1600,0
1,1,1,http://192.168.0.124,2469,2019-07-20 13:01:46.670932337,201,0,1,11,1,0,0,1
1,1,1,http://192.168.0.124,2470,2019-07-20 13:01:46.671400298,837,0,1,7,0,244,6259,0
1,1,1,http://192.168.0.124,2471,2019-07-20 13:01:46.671864880,670,0,1,7,0,337,22524,0
1,1,1,http://192.168.0.124,2472,2019-07-20 13:01:46.672383912,570,0,1,12,0,887,326,0
1,1,1,http://192.168.0.124,2473,2019-07-20 13:01:46.672804383,883,0,1,12,0,3574,494,0
1,1,1,http://192.168.0.124,2474,2019-07-20 13:01:46.673360844,899,0,1,11,1,0,0,1
1,1,1,http://192.168.0.124,2475,2019-07-20 13:01:46.673862728,360,0,1,7,0,0,514,0
1,1,1,http://192.168.0.124,2476,2019-07-20 13:01:46.674334998,707,0,1,7,0,226,9703,0
1,1,1,http://192.168.0.124,2477,2019-07-20 13:01:46.674860078,79,0,1,7,0,222,321,0
1,1,1,http://192.168.0.124,2478,2019-07-20 13:01:46.675325755,210,0,1,7,0,281,757,0
1,1,1,http://192.168.0.124,2479,2019-07-20 13:01:46.675733077,505,0,1,7,0,238,6078,0
1,1,1,http://192.168.0.124,2480,2019-07-20 13:01:46.676214914,16,0,1,7,0,223,1719,0
1,1,1,http://192.168.0.124,2481,2019-07-20 13:01:46.676710780,942,0,1,7,0,281,755,0
1,1,1,http://192.168.0.124,2482,2019-07-20 13:01:46.677175022,402,0,1,11,1,0,0,1
1,1,1,http://192.168.0.124,2483,2019-07-20 13:01:46.677638860,63,0,1,7,0,312,2131,0
1,1,1,http://192.168.0.124,2484,2019-07-20 13:01:46.678016785,768,0,1,11,1,0,0,1
1,1,1,http://192.168.0.124,2485,2019-07-20 13:01:46.678561570,725,20,1,6,0,226,767,0
1,1,1,http://192.168.0.124,2486,2019-07-20 13:01:46.679042969,642,0,1,7,0,317,1726,0
1,1,1,http://192.168.0.124,2487,2019-07-20 13:01:46.679506368,835,0,1,11,1,0,0,1
1,1,1,http://192.168.0.124,2488,2019-07-20 13:01:46.679969590,864,0,1,11,1,0,0,1
1,1,1,http://192.168.0.124,2489,2019-07-20 13:01:46.680462344,774,0,1,7,0,163,30113,0
1,1,1,http://192.168.0.124,2490,2019-07-20 13:01:46.681107349,508,0,1,7,0,358,13478,0
1,1,1,http://192.168.0.124,2491,2019-07-20 13:01:46.681571841,490,0,1,7,0,312,866,0
1,1,1,http://192.168.0.124,2492,2019-07-20 13:01:46.682151611,852,0,1,7,0,211,373,0
1,1,1,http://192.168.0.124,2493,2019-07-20 13:01:46.682702101,253,0,1,7,0,333,2019,0
1,1,1,http://192.168.0.124,2494,2019-07-20 13:01:46.683138636,723,0,1,7,0,234,255,0
1,1,1,http://192.168.0.124,2495,2019-07-20 13:01:46.683664200,650,0,1,7,0,318,1680,0
1,1,1,http://192.168.0.124,2496,2019-07-20 13:01:46.684145078,330,0,1,12,0,1468,421,0
1,1,1,http://192.168.0.124,2497,2019-07-20 13:01:46.685107445,929,0,1,7,0,232,1721,0
1,1,1,http://192.168.0.124,2498,2019-07-20 13:01:46.685969544,327,0,1,7,0,216,13655,0
1,1,1,http://192.168.0.124,2499,2019-07-20 13:01:46.686452807,80,0,1,12,0,620,329,0
1,1,1,http://192.168.0.124,2500,2019-07-20 13:01:46.686882619,139,0,1,7,0,218,1484,0
1,1,1,http://192.168.0.124,2501,2019-07-20 13:01:46.687384826,213,0,1,7,0,228,1192,0
1,1,1,http://192.168.0.124,2502,2019-07-20 13:01:46.687879554,804,0,1,7,0,309,909,0
1,1,1,http://192.168.0.124,2503,2019-07-20 13:01:46.688353748,840,0,1,7,0,212,566,0
1,1,1,http://192.168.0.124,2504,2019-07-20 13:01:46.688850169,328,0,1,12,0,813,372,0
1,1,1,http://192.168.0.124,2505,2019-07-20 13:01:46.689237682,497,0,1,7,0,233,1645,0
1,1,1,http://192.168.0.124,2506,2019-07-20 13:01:46.689796635,13,0,1,7,0,188,74810,0
1,1,1,http://192.168.0.124,2507,2019-07-20 13:01:46.690274996,379,0,1,7,0,155,4145,0
1,1,1,http://192.168.0.124,2508,2019-07-20 13:01:46.690746538,169,0,1,7,0,208,324,0
1,1,1,http://192.168.0.124,2509,2019-07-20 13:01:46.691295105,588,0,1,7,0,277,891,0
1,1,1,http://192.168.0.124,2510,2019-07-20 13:01:46.691858457,30,0,1,7,0,197,2531,0
1,1,1,http://192.168.0.124,2511,2019-07-20 13:01:46.692294573,145,0,1,7,0,314,1108,0
1,1,1,http://192.168.0.124,2512,2019-07-20 13:01:46.692806884,351,0,1,11,1,0,0,1
1,1,1,http://192.168.0.124,2513,2019-07-20 13:01:46.693282917,553,0,1,7,0,308,1483,0
1,1,1,http://192.168.0.124,2514,2019-07-20 13:01:46.693782742,639,0,1,7,0,223,5668,0
1,1,1,http://192.168.0.124,2515,2019-07-20 13:01:46.694251858,957,0,1,7,0,308,1492,0
1,1,1,http://192.168.0.124,2516,2019-07-20 13:01:46.694720211,889,0,1,7,0,232,8766,0
1,1,1,http://192.168.0.124,2517,2019-07-20 13:01:46.695105294,528,0,1,11,1,0,0,1
1,1,1,http://192.168.0.124,2518,2019-07-20 13:01:46.695568136,926,0,1,11,1,0,0,1
1,1,1,http://192.168.0.124,2519,2019-07-20 13:01:46.696045160,677,0,1,7,0,305,1819,0
1,1,1,http://192.168.0.124,2520,2019-07-20 13:01:46.696506957,211,0,1,11,1,0,0,1
1,1,1,http://192.168.0.124,2521,2019-07-20 13:01:46.696978721,378,0,1,7,0,298,9442,0
1,1,1,http://192.168.0.124,2522,2019-07-20 13:01:46.697363982,691,0,2,2,0,30,75,0
1,1,1,http://192.168.0.124,2523,2019-07-20 13:01:46.697976564,674,0,1,7,0,230,903,0
1,1,1,http://192.168.0.124,2524,2019-07-20 13:01:46.698486239,111,0,1,11,1,0,0,1
1,1,1,http://192.168.0.124,2525,2019-07-20 13:01:46.699008367,72,0,1,7,0,156,4027,0
1,1,1,http://192.168.0.124,2526,2019-07-20 13:01:46.699492119,234,0,1,11,1,0,0,1
1,1,1,http://192.168.0.124,2527,2019-07-20 13:01:46.700000974,293,0,1,7,0,220,313,0
1,1,1,http://192.168.0.124,2528,2019-07-20 13:01:46.700390719,610,0,1,7,0,223,1423,0
1,1,1,http://192.168.0.124,2529,2019-07-20 13:01:46.700859468,452,0,1,7,0,216,12640,0
1,1,1,http://192.168.0.124,2530,2019-07-20 13:01:46.701330656,447,0,1,11,1,0,0,1
1,1,1,http://192.168.0.124,2531,2019-07-20 13:01:46.701800748,449,0,1,7,0,309,757,0
1,1,1,http://192.168.0.124,2532,2019-07-20 13:01:46.702381037,520,0,1,7,0,297,5246,0
1,1,1,http://192.168.0.124,2533,2019-07-20 13:01:46.702887270,113,0,1,7,0,212,4433,0
1,1,1,http://192.168.0.124,2534,2019-07-20 13:01:46.703319078,848,0,1,12,0,2351,368,0
1,1,1,http://192.168.0.124,2535,2019-07-20 13:01:46.703827949,375,0,1,7,0,304,1046,0
1,1,1,http://192.168.0.124,2536,2019-07-20 13:01:46.704343089,355,0,1,7,0,331,1694,0
1,1,1,http://192.168.0.124,2537,2019-07-20 13:01:46.704843939,851,0,1,7,0,317,2075,0
1,1,1,http://192.168.0.124,2538,2019-07-20 13:01:46.705451215,99,0,1,7,0,304,1449,0
1,1,1,http://192.168.0.124,2539,2019-07-20 13:01:46.705866686,222,0,1,7,0,223,1721,0
1,1,1,http://192.168.0.124,2540,2019-07-20 13:01:46.706351348,755,0,1,7,0,288,644,0
1,1,1,http://192.168.0.124,2541,2019-07-20 13:01:46.706821067,160,0,1,7,0,307,5280,0
1,1,1,http://192.168.0.124,2542,2019-07-20 13:01:46.707301013,390,0,1,11,1,0,0,1
1,1,1,http://192.168.0.124,2543,2019-07-20 13:01:46.707773309,11,0,1,7,0,273,3711,0
1,1,1,http://192.168.0.124,2544,2019-07-20 13:01:46.708296252,280,0,1,7,0,307,3729,0
1,1,1,http://192.168.0.124,2545,2019-07-20 13:01:46.709229487,859,0,1,7,0,236,370,0
1,1,1,http://192.168.0.124,2546,2019-07-20 13:01:46.709890175,151,0,1,7,0,280,934,0
1,1,1,http://192.168.0.124,2547,2019-07-20 13:01:46.710375618,854,0,2,2,0,33,0,0
1,1,1,http://192.168.0.124,2548,2019-07-20 13:01:46.710853110,252,0,1,7,0,235,222,0
1,1,1,http://192.168.0.124,2549,2019-07-20 13:01:46.711330458,1,0,1,7,0,301,544,0
1,1,1,http://192.168.0.124,2550,2019-07-20 13:01:46.711846778,788,0,1,7,0,241,2129,0
1,1,1,http://192.168.0.124,2551,2019-07-20 13:01:46.712239072,344,0,1,11,1,0,0,1
1,1,1,http://192.168.0.124,2552,2019-07-20 13:01:46.712830316,334,0,1,7,0,236,39873,0
1,1,1,http://192.168.0.124,2553,2019-07-20 13:01:46.713393698,731,0,1,7,0,257,2085,0
1,1,1,http://192.168.0.124,2554,2019-07-20 13:01:46.713987958,19,0,1,7,0,219,1354,0
1,1,1,http://192.168.0.124,2555,2019-07-20 13:01:46.714568358,263,0,1,7,0,200,626,0
1,1,1,http://192.168.0.124,2556,2019-07-20 13:01:46.715002051,869,0,1,12,0,2753,280,0
1,1,1,http://192.168.0.124,2557,2019-07-20 13:01:46.715485573,269,0,1,7,0,202,1263,0
1,1,1,http://192.168.0.124,2558,2019-07-20 13:01:46.715987189,61,0,1,7,0,278,448,0
1,1,1,http://192.168.0.124,2559,2019-07-20 13:01:46.716465390,727,0,1,12,0,683,330,0
1,1,1,http://192.168.0.124,2560,2019-07-20 13:01:46.716938110,157,0,0,4,0,30,0,0
1,1,1,http://192.168.0.124,2561,2019-07-20 13:01:46.717418194,204,0,1,7,0,225,1823,0
1,1,1,http://192.168.0.124,2562,2019-07-20 13:01:46.717807456,705,0,1,7,0,208,471,0
1,1,1,http://192.168.0.124,2563,2019-07-20 13:01:46.718285920,557,0,1,12,0,1596,331,0
1,1,1,http://192.168.0.124,2564,2019-07-20 13:01:46.718760420,599,0,0,3,0,30,0,0
1,1,1,http://192.168.0.124,2565,2019-07-20 13:01:46.719234740,46,0,1,7,0,216,1819,0
1,1,1,http://192.168.0.124,2566,2019-07-20 13:01:46.719707828,992,0,1,7,0,209,751,0
1,1,1,http://192.168.0.124,2567,2019-07-20 13:01:46.720185490,43,0,1,7,0,216,1819,0
1,1,1,http://192.168.0.124,2568,2019-07-20 13:01:46.720565160,552,0,1,7,0,239,304,0
1,1,1,http://192.168.0.124,2569,2019-07-20 13:01:46.721048402,927,0,1,7,0,262,4928,0
1,1,1,http://192.168.0.124,2570,2019-07-20 13:01:46.721519048,130,0,1,7,0,206,14358,0
1,1,1,http://192.168.0.124,2571,2019-07-20 13:01:46.722097793,813,0,1,7,0,277,2295,0
1,1,1,http://192.168.0.124,2572,2019-07-20 13:01:46.722633992,8,0,1,7,0,267,14496,0
1,1,1,http://192.168.0.124,2573,2019-07-20 13:01:46.723047352,571,0,1,7,0,290,460,0
1,1,1,http://192.168.0.124,2574,2019-07-20 13:01:46.723518253,711,0,1,7,0,233,1694,0
1,1,1,http://192.168.0.124,2575,2019-07-20 13:01:46.724053409,783,0,1,7,0,217,3166,0
1,1,1,http://192.168.0.124,2576,2019-07-20 13:01:46.724595624,527,0,1,7,0,296,934,0
1,1,1,http://192.168.0.124,2577,2019-07-20 13:01:46.725128466,352,0,1,7,0,212,1337,0
1,1,1,http://192.168.0.124,2578,2019-07-20 13:01:46.725619831,855,0,1,7,0,208,7355,0
1,1,1,http://192.168.0.124,2579,2019-07-20 13:01:46.726021965,52,0,1,7,0,210,151,0
1,1,1,http://192.168.0.124,2580,2019-07-20 13:01:46.726502474,311,0,1,7,0,339,10250,0
1,1,1,http://192.168.0.124,2581,2019-07-20 13:01:46.726991874,732,0,1,7,0,173,11889,0
1,1,1,http://192.168.0.124,2582,2019-07-20 13:01:46.727466970,472,0,1,7,0,296,1415,0
1,1,1,http://192.168.0.124,2583,2019-07-20 13:01:46.727938739,283,0,1,7,0,238,7339,0
1,1,1,http://192.168.0.124,2584,2019-07-20 13:01:46.728476869,766,0,1,7,0,320,4624,0
1,1,1,http://192.168.0.124,2585,2019-07-20 13:01:46.728909183,749,0,1,7,0,284,43129,0
1,1,1,http://192.168.0.124,2586,2019-07-20 13:01:46.729384088,397,0,1,7,0,212,1707,0
1,1,1,http://192.168.0.124,2587,2019-07-20 13:01:46.729948951,911,0,2,2,0,103,0,0
1,1,1,http://192.168.0.124,2588,2019-07-20 13:01:46.730428115,257,0,1,7,0,358,1272,0
1,1,1,http://192.168.0.124,2589,2019-07-20 13:01:46.730900528,806,0,1,7,0,313,924,0
1,1,1,http://192.168.0.124,2590,2019-07-20 13:01:46.731301256,886,0,1,11,1,0,0,1
1,1,1,http://192.168.0.124,2591,2019-07-20 13:01:46.731773687,512,0,1,7,0,214,1281,0
1,1,1,http://192.168.0.124,2592,2019-07-20 13:01:46.732251948,221,0,2,2,0,30,0,0
1,1,1,http://192.168.0.124,2593,2019-07-20 13:01:46.733278495,493,0,1,7,0,260,193,0
1,1,1,http://192.168.0.124,2594,2019-07-20 13:01:46.734083765,122,0,1,7,0,193,1337,0
1,1,1,http://192.168.0.124,2595,2019-07-20 13:01:46.734575728,868,0,1,7,0,315,1344,0
1,1,1,http://192.168.0.124,2596,2019-07-20 13:01:46.735077127,212,0,1,7,0,233,128,0
1,1,1,http://192.168.0.124,2597,2019-07-20 13:01:46.735703536,866,0,1,7,0,303,498,0
1,1,1,http://192.168.0.124,2598,2019-07-20 13:01:46.736207039,368,0,1,7,0,193,7936,0
1,1,1,http://192.168.0.124,2599,2019-07-20 13:01:46.736716634,507,0,1,7,0,246,1718,0
1,1,1,http://192.168.0.124,2600,2019-07-20 13:01:46.737198121,823,0,1,7,0,273,15142,0
1,1,1,http://192.168.0.124,2601,2019-07-20 13:01:46.737676982,458,0,1,7,0,305,280,0
1,1,1,http://192.168.0.124,2602,2019-07-20 13:01:46.738074163,876,0,1,7,0,223,1719,0
1,1,1,http://192.168.0.124,2603,2019-07-20 13:01:46.738655660,346,0,1,7,0,283,5286,0
1,1,1,http://192.168.0.124,2604,2019-07-20 13:01:46.739142357,981,0,1,7,0,307,1109,0
1,1,1,http://192.168.0.124,2605,2019-07-20 13:01:46.739624303,2,0,1,7,0,311,780,0
1,1,1,http://192.168.0.124,2606,2019-07-20 13:01:46.740111317,45,0,1,7,0,253,1680,0
1,1,1,http://192.168.0.124,2607,2019-07-20 13:01:46.740497178,624,0,1,7,0,200,6329,0
1,1,1,http://192.168.0.124,2608,2019-07-20 13:01:46.740974248,885,0,1,7,0,307,891,0
1,1,1,http://192.168.0.124,2609,2019-07-20 13:01:46.741462477,791,0,1,7,0,234,1651,0
1,1,1,http://192.168.0.124,2610,2019-07-20 13:01:46.741985541,176,0,1,7,0,232,1701,0
1,1,1,http://192.168.0.124,2611,2019-07-20 13:01:46.742469464,322,0,1,7,0,225,15298,0
1,1,1,http://192.168.0.124,2612,2019-07-20 13:01:46.743039330,997,0,1,7,0,151,12029,0
1,1,1,http://192.168.0.124,2613,2019-07-20 13:01:46.743435349,956,0,1,7,0,147,3253,0
1,1,1,http://192.168.0.124,2614,2019-07-20 13:01:46.743976415,440,0,1,13,1,0,0,1
1,1,1,http://192.168.0.124,2615,2019-07-20 13:01:46.744463863,73,0,1,11,1,0,0,1
1,1,1,http://192.168.0.124,2616,2019-07-20 13:01:46.745001118,381,0,1,7,0,219,11283,0
1,1,1,http://192.168.0.124,2617,2019-07-20 13:01:46.745489188,671,0,1,7,0,310,1481,0
1,1,1,http://192.168.0.124,2618,2019-07-20 13:01:46.746113534,622,0,1,12,0,19721,367,0
1,1,1,http://192.168.0.124,2619,2019-07-20 13:01:46.746813645,444,0,1,11,1,0,0,1
1,1,1,http://192.168.0.124,2620,2019-07-20 13:01:46.747307937,746,0,1,11,1,0,0,1
1,1,1,http://192.168.0.124,2621,2019-07-20 13:01:46.747847920,678,0,1,7,0,221,16203,0
1,1,1,http://192.168.0.124,2622,2019-07-20 13:01:46.748334968,665,0,1,7,0,309,417,0
1,1,1,http://192.168.0.124,2623,2019-07-20 13:01:46.748874078,455,0,1,7,0,172,4028,0
1,1,1,http://192.168.0.124,2624,2019-07-20 13:01:46.749356482,343,0,1,7,0,241,1884,0
1,1,1,http://192.168.0.124,2625,2019-07-20 13:01:46.749808550,1004,0,1,7,0,326,1875,0
1,1,1,http://192.168.0.124,2626,2019-07-20 13:01:46.750292953,841,0,1,7,0,301,934,0
1,1,1,http://192.168.0.124,2627,2019-07-20 13:01:46.750773581,273,0,1,7,0,355,327,0
1,1,1,http://192.168.0.124,2628,2019-07-20 13:01:46.751261448,218,0,1,7,0,227,1247,0
1,1,1,http://192.168.0.124,2629,2019-07-20 13:01:46.751741463,745,0,1,12,0,1552,333,0
1,1,1,http://192.168.0.124,2630,2019-07-20 13:01:46.752137092,592,0,1,7,0,287,4479,0
1,1,1,http://192.168.0.124,2631,2019-07-20 13:01:46.752614404,776,0,1,7,0,297,1695,0
1,1,1,http://192.168.0.124,2632,2019-07-20 13:01:46.753137297,697,0,1,11,1,0,0,1
1,1,1,http://192.168.0.124,2633,2019-07-20 13:01:46.753672852,4,0,1,12,0,1518,405,0
1,1,1,http://192.168.0.124,2634,2019-07-20 13:01:46.754216051,903,0,1,7,0,213,1694,0
1,1,1,http://192.168.0.124,2635,2019-07-20 13:01:46.754830138,434,0,1,7,0,279,757,0
1,1,1,http://192.168.0.124,2636,2019-07-20 13:01:46.755261379,18,0,1,7,0,205,1701,0
1,1,1,http://192.168.0.124,2637,2019-07-20 13:01:46.755769922,936,1,1,12,0,1587,332,0
1,1,1,http://192.168.0.124,2638,2019-07-20 13:01:46.756259392,415,1,1,12,0,2007,335,0
1,1,1,http://192.168.0.124,2639,2019-07-20 13:01:46.757391511,544,0,1,7,0,285,2531,0
1,1,1,http://192.168.0.124,2640,2019-07-20 13:01:46.758172967,266,0,1,7,0,181,5450,0
1,1,1,http://192.168.0.124,2641,2019-07-20 13:01:46.758663154,908,0,1,7,0,190,2996,0
1,1,1,http://192.168.0.124,2642,2019-07-20 13:01:46.759069220,268,0,1,12,0,2012,325,0
1,1,1,http://192.168.0.124,2643,2019-07-20 13:01:46.759551144,572,0,1,7,0,332,61480,0
1,1,1,http://192.168.0.124,2644,2019-07-20 13:01:46.760046858,754,0,1,7,0,142,430,0
1,1,1,http://192.168.0.124,2645,2019-07-20 13:01:46.760526594,314,0,1,7,0,325,1645,0
1,1,1,http://192.168.0.124,2646,2019-07-20 13:01:46.761018911,523,0,1,7,0,231,903,0
1,1,1,http://192.168.0.124,2647,2019-07-20 13:01:46.761410586,730,0,1,11,1,0,0,1
1,1,1,http://192.168.0.124,2648,2019-07-20 13:01:46.761893416,177,0,1,7,0,314,308,0
1,1,1,http://192.168.0.124,2649,2019-07-20 13:01:46.762379240,417,0,1,7,0,238,296,0
1,1,1,http://192.168.0.124,2650,2019-07-20 13:01:46.762895024,667,0,1,7,0,227,1748,0
1,1,1,http://192.168.0.124,2651,2019-07-20 13:01:46.763503624,51,0,1,7,0,306,1718,0
1,1,1,http://192.168.0.124,2652,2019-07-20 13:01:46.764032576,794,0,1,7,0,169,180,0
1,1,1,http://192.168.0.124,2653,2019-07-20 13:01:46.764427159,409,0,1,7,0,187,1046,0
1,1,1,http://192.168.0.124,2654,2019-07-20 13:01:46.764941865,47,0,1,7,0,229,9920,0
1,1,1,http://192.168.0.124,2655,2019-07-20 13:01:46.765431377,724,0,1,7,0,259,1108,0
1,1,1,http://192.168.0.124,2656,2019-07-20 13:01:46.765916088,358,0,0,4,0,30,0,0
1,1,1,http://192.168.0.124,2657,2019-07-20 13:01:46.766405688,84,0,1,12,0,1504,328,0
1,1,1,http://192.168.0.124,2658,2019-07-20 13:01:46.766894948,94,0,1,7,0,295,1087,0
1,1,1,http://192.168.0.124,2659,2019-07-20 13:01:46.767297931,143,0,1,7,0,324,1357,0
1,1,1,http://192.168.0.124,2660,2019-07-20 13:01:46.767884115,909,0,1,7,0,234,18000,0
1,1,1,http://192.168.0.124,2661,2019-07-20 13:01:46.768387778,468,0,1,7,0,239,279,0
1,1,1,http://192.168.0.124,2662,2019-07-20 13:01:46.768930361,583,0,1,7,0,255,8224,0
1,1,1,http://192.168.0.124,2663,2019-07-20 13:01:46.769426617,403,0,1,7,0,218,3160,0
1,1,1,http://192.168.0.124,2664,2019-07-20 13:01:46.769824792,546,0,1,7,0,274,25212,0
1,1,1,http://192.168.0.124,2665,2019-07-20 13:01:46.770321917,771,0,1,7,0,230,16617,0
1,1,1,http://192.168.0.124,2666,2019-07-20 13:01:46.770814247,618,0,1,7,0,228,1764,0
1,1,1,http://192.168.0.124,2667,2019-07-20 13:01:46.771302962,411,0,1,7,0,228,2187,0
1,1,1,http://192.168.0.124,2668,2019-07-20 13:01:46.771921255,471,0,1,7,0,342,944,0
1,1,1,http://192.168.0.124,2669,2019-07-20 13:01:46.772468254,845,0,1,7,0,324,1112,0
1,1,1,http://192.168.0.124,2670,2019-07-20 13:01:46.773000744,486,0,1,11,1,0,0,1
1,1,1,http://192.168.0.124,2671,2019-07-20 13:01:46.773529590,288,7,2,2,0,89,36,0
1,1,1,http://192.168.0.124,2672,2019-07-20 13:01:46.774070544,652,0,1,7,0,208,767,0
1,1,1,http://192.168.0.124,2673,2019-07-20 13:01:46.774549771,894,0,1,7,0,327,1695,0
1,1,1,http://192.168.0.124,2674,2019-07-20 13:01:46.775107374,533,0,1,12,0,613,544,0
1,1,1,http://192.168.0.124,2675,2019-07-20 13:01:46.775583933,834,0,1,7,0,203,1046,0
1,1,1,http://192.168.0.124,2676,2019-07-20 13:01:46.776049102,74,0,1,7,0,239,313,0
1,1,1,http://192.168.0.124,2677,2019-07-20 13:01:46.776526234,969,0,1,7,0,231,761,0
1,1,1,http://192.168.0.124,2678,2019-07-20 13:01:46.777043719,944,0,1,7,0,293,1680,0
1,1,1,http://192.168.0.124,2679,2019-07-20 13:01:46.777522010,359,0,1,7,0,317,3166,0
1,1,1,http://192.168.0.124,2680,2019-07-20 13:01:46.778009949,215,0,1,7,0,163,3253,0
1,1,1,http://192.168.0.124,2681,2019-07-20 13:01:46.778435467,799,0,1,7,0,293,472,0
1,1,1,http://192.168.0.124,2682,2019-07-20 13:01:46.778944404,220,0,1,7,0,305,2101,0
1,1,1,http://192.168.0.124,2683,2019-07-20 13:01:46.779447567,44,0,1,7,0,198,609,0
1,1,1,http://192.168.0.124,2684,2019-07-20 13:01:46.780052906,941,0,1,11,1,0,0,1
1,1,1,http://192.168.0.124,2685,2019-07-20 13:01:46.780547527,689,0,1,7,0,240,294,0
1,1,1,http://192.168.0.124,2686,2019-07-20 13:01:46.781571836,693,0,1,7,0,217,18434,0
1,1,1,http://192.168.0.124,2687,2019-07-20 13:01:46.782413600,155,0,1,7,0,229,4966,0
1,1,1,http://192.168.0.124,2688,2019-07-20 13:01:46.782866186,934,0,1,7,0,257,1695,0
1,1,1,http://192.168.0.124,2689,2019-07-20 13:01:46.783406349,901,0,1,7,0,162,3253,0
1,1,1,http://192.168.0.124,2690,2019-07-20 13:01:46.783940138,345,0,1,7,0,212,6107,0
1,1,1,http://192.168.0.124,2691,2019-07-20 13:01:46.784434806,892,0,1,7,0,196,1368,0
1,1,1,http://192.168.0.124,2692,2019-07-20 13:01:46.784968260,446,0,1,7,0,291,29325,0
1,1,1,http://192.168.0.124,2693,2019-07-20 13:01:46.785488003,116,0,1,7,0,228,1079,0
1,1,1,http://192.168.0.124,2694,2019-07-20 13:01:46.785936282,891,0,1,12,0,805,327,0
1,1,1,http://192.168.0.124,2695,2019-07-20 13:01:46.786428521,121,0,1,7,0,185,4946,0
1,1,1,http://192.168.0.124,2696,2019-07-20 13:01:46.786948243,580,0,1,7,0,247,19361,0
1,1,1,http://192.168.0.124,2697,2019-07-20 13:01:46.787482416,1007,0,1,11,1,0,0,1
1,1,1,http://192.168.0.124,2698,2019-07-20 13:01:46.788013752,282,0,1,7,0,355,2245,0
1,1,1,http://192.168.0.124,2699,2019-07-20 13:01:46.788412684,432,0,1,7,0,313,924,0
1,1,1,http://192.168.0.124,2700,2019-07-20 13:01:46.789046656,372,0,1,7,0,218,437,0
1,1,1,http://192.168.0.124,2701,2019-07-20 13:01:46.789550471,315,0,1,7,0,293,38125,0
1,1,1,http://192.168.0.124,2702,2019-07-20 13:01:46.790054339,958,0,1,7,0,301,2653,0
1,1,1,http://192.168.0.124,2703,2019-07-20 13:01:46.790534313,249,0,1,7,0,295,1680,0
1,1,1,http://192.168.0.124,2704,2019-07-20 13:01:46.791035304,870,0,1,7,0,285,1106,0
1,1,1,http://192.168.0.124,2705,2019-07-20 13:01:46.791431348,698,0,1,7,0,236,468,0
1,1,1,http://192.168.0.124,2706,2019-07-20 13:01:46.791921878,366,0,2,2,0,33,0,0
1,1,1,http://192.168.0.124,2707,2019-07-20 13:01:46.792421793,96,0,1,7,0,208,757,0
1,1,1,http://192.168.0.124,2708,2019-07-20 13:01:46.792913785,184,0,1,7,0,306,1030,0
1,1,1,http://192.168.0.124,2709,2019-07-20 13:01:46.793447849,492,0,1,7,0,283,1920,0
1,1,1,http://192.168.0.124,2710,2019-07-20 13:01:46.793971062,877,0,1,7,0,216,718,0
1,1,1,http://192.168.0.124,2711,2019-07-20 13:01:46.794378427,356,0,1,11,1,0,0,1
1,1,1,http://192.168.0.124,2712,2019-07-20 13:01:46.794899449,460,0,1,7,0,217,2019,0
1,1,1,http://192.168.0.124,2713,2019-07-20 13:01:46.795425992,659,0,1,11,1,0,0,1
1,1,1,http://192.168.0.124,2714,2019-07-20 13:01:46.795969640,964,0,1,7,0,208,751,0
1,1,1,http://192.168.0.124,2715,2019-07-20 13:01:46.796471877,146,0,1,7,0,307,1377,0
1,1,1,http://192.168.0.124,2716,2019-07-20 13:01:46.796993278,69,0,1,11,1,0,0,1
1,1,1,http://192.168.0.124,2717,2019-07-20 13:01:46.797486810,473,0,1,7,0,215,3670,0
1,1,1,http://192.168.0.124,2718,2019-07-20 13:01:46.798015644,229,0,1,7,0,315,601,0
1,1,1,http://192.168.0.124,2719,2019-07-20 13:01:46.798540242,336,0,1,7,0,224,12884,0
1,1,1,http://192.168.0.124,2720,2019-07-20 13:01:46.799052427,15,0,1,7,0,211,313,0
1,1,1,http://192.168.0.124,2721,2019-07-20 13:01:46.799577267,244,0,1,7,0,231,7208,0
1,1,1,http://192.168.0.124,2722,2019-07-20 13:01:46.800137568,365,0,1,7,0,233,255,0
1,1,1,http://192.168.0.124,2723,2019-07-20 13:01:46.800652536,539,0,1,7,0,189,978,0
1,1,1,http://192.168.0.124,2724,2019-07-20 13:01:46.801155575,410,0,1,7,0,297,553,0
1,1,1,http://192.168.0.124,2725,2019-07-20 13:01:46.801675015,792,0,1,7,0,216,6329,0
1,1,1,http://192.168.0.124,2726,2019-07-20 13:01:46.802183880,937,0,1,7,0,248,1681,0
1,1,1,http://192.168.0.124,2727,2019-07-20 13:01:46.802729935,797,0,1,7,0,343,783,0
1,1,1,http://192.168.0.124,2728,2019-07-20 13:01:46.803267318,209,0,1,7,0,228,316,0
1,1,1,http://192.168.0.124,2729,2019-07-20 13:01:46.803795761,810,0,1,7,0,216,8422,0
1,1,1,http://192.168.0.124,2730,2019-07-20 13:01:46.804333167,22,0,1,7,0,202,2209,0
1,1,1,http://192.168.0.124,2731,2019-07-20 13:01:46.804899008,112,0,1,7,0,320,238,0
1,1,1,http://192.168.0.124,2732,2019-07-20 13:01:46.805889622,437,0,1,7,0,303,316,0
1,1,1,http://192.168.0.124,2733,2019-07-20 13:01:46.806719079,233,0,1,7,0,146,30113,0
1,1,1,http://192.168.0.124,2734,2019-07-20 13:01:46.807288763,833,0,0,3,0,30,0,0
1,1,1,http://192.168.0.124,2735,2019-07-20 13:01:46.807801976,663,0,1,7,0,146,30113,0
1,1,1,http://192.168.0.124,2736,2019-07-20 13:01:46.808345612,459,0,1,7,0,199,5575,0
1,1,1,http://192.168.0.124,2737,2019-07-20 13:01:46.808871026,217,0,1,7,0,159,4087,0
1,1,1,http://192.168.0.124,2738,2019-07-20 13:01:46.809372112,953,0,1,7,0,244,11889,0
1,1,1,http://192.168.0.124,2739,2019-07-20 13:01:46.809898958,726,0,1,7,0,213,2996,0
1,1,1,http://192.168.0.124,2740,2019-07-20 13:01:46.810312589,525,0,1,7,0,222,1651,0
1,1,1,http://192.168.0.124,2741,2019-07-20 13:01:46.810804875,236,0,1,7,0,186,2970,0
1,1,1,http://192.168.0.124,2742,2019-07-20 13:01:46.811315416,433,0,1,7,0,319,1721,0
1,1,1,http://192.168.0.124,2743,2019-07-20 13:01:46.811807342,847,0,1,11,1,0,0,1
1,1,1,http://192.168.0.124,2744,2019-07-20 13:01:46.812304609,408,0,1,7,0,203,6312,0
1,1,1,http://192.168.0.124,2745,2019-07-20 13:01:46.812796400,640,0,1,11,1,0,0,1
1,1,1,http://192.168.0.124,2746,2019-07-20 13:01:46.813206257,721,0,1,7,0,224,1302,0
1,1,1,http://192.168.0.124,2747,2019-07-20 13:01:46.813761408,974,0,1,11,1,0,0,1
1,1,1,http://192.168.0.124,2748,2019-07-20 13:01:46.814348975,484,0,1,7,0,247,1651,0
1,1,1,http://192.168.0.124,2749,2019-07-20 13:01:46.814876033,578,0,1,7,0,284,2810,0
1,1,1,http://192.168.0.124,2750,2019-07-20 13:01:46.815383762,1005,0,2,2,0,104,0,0
1,1,1,http://192.168.0.124,2751,2019-07-20 13:01:46.815794335,385,0,1,7,0,331,8415,0
1,1,1,http://192.168.0.124,2752,2019-07-20 13:01:46.816294808,421,0,1,7,0,206,9225,0
1,1,1,http://192.168.0.124,2753,2019-07-20 13:01:46.816788733,262,0,1,7,0,314,2996,0
1,1,1,http://192.168.0.124,2754,2019-07-20 13:01:46.817288901,597,0,1,11,1,0,0,1
1,1,1,http://192.168.0.124,2755,2019-07-20 13:01:46.817789947,579,0,1,7,0,215,12161,0
1,1,1,http://192.168.0.124,2756,2019-07-20 13:01:46.818295723,491,0,1,7,0,202,424,0
1,1,1,http://192.168.0.124,2757,2019-07-20 13:01:46.818707732,1001,0,1,7,0,216,4973,0
1,1,1,http://192.168.0.124,2758,2019-07-20 13:01:46.819206012,702,0,1,7,0,222,1295,0
1,1,1,http://192.168.0.124,2759,2019-07-20 13:01:46.819703918,602,0,1,7,0,285,25519,0
1,1,1,http://192.168.0.124,2760,2019-07-20 13:01:46.820210429,98,0,1,7,0,279,891,0
1,1,1,http://192.168.0.124,2761,2019-07-20 13:01:46.820713579,669,0,1,7,0,201,3166,0
1,1,1,http://192.168.0.124,2762,2019-07-20 13:01:46.821210003,686,0,1,11,1,0,0,1
1,1,1,http://192.168.0.124,2763,2019-07-20 13:01:46.821620482,880,0,1,7,0,231,1722,0
1,1,1,http://192.168.0.124,2764,2019-07-20 13:01:46.822294060,224,0,1,7,0,247,3105,0
1,1,1,http://192.168.0.124,2765,2019-07-20 13:01:46.822913531,900,0,1,7,0,342,11368,0
1,1,1,http://192.168.0.124,2766,2019-07-20 13:01:46.823445287,152,0,2,2,0,45,95,0
1,1,1,http://192.168.0.124,2767,2019-07-20 13:01:46.824034176,495,0,1,7,0,219,4624,0
1,1,1,http://192.168.0.124,2768,2019-07-20 13:01:46.824436656,135,0,1,7,0,303,1263,0
1,1,1,http://192.168.0.124,2769,2019-07-20 13:01:46.824960275,790,0,1,7,0,182,4023,0
1,1,1,http://192.168.0.124,2770,2019-07-20 13:01:46.825456281,503,0,1,11,1,0,0,1
1,1,1,http://192.168.0.124,2771,2019-07-20 13:01:46.825995534,302,0,1,7,0,222,1651,0
1,1,1,http://192.168.0.124,2772,2019-07-20 13:01:46.826493123,389,0,1,7,0,267,9317,0
1,1,1,http://192.168.0.124,2773,2019-07-20 13:01:46.826927994,865,0,1,7,0,218,5280,0
1,1,1,http://192.168.0.124,2774,2019-07-20 13:01:46.827424472,404,0,1,11,1,0,0,1
1,1,1,http://192.168.0.124,2775,2019-07-20 13:01:46.827917210,54,0,1,7,0,289,6329,0
1,1,1,http://192.168.0.124,2776,2019-07-20 13:01:46.828415717,658,0,1,7,0,356,7339,0
1,1,1,http://192.168.0.124,2777,2019-07-20 13:01:46.828968813,75,0,1,11,1,0,0,1
1,1,1,http://192.168.0.124,2778,2019-07-20 13:01:46.829907824,338,0,1,7,0,317,1496,0
1,1,1,http://192.168.0.124,2779,2019-07-20 13:01:46.830628282,632,0,1,11,1,0,0,1
1,1,1,http://192.168.0.124,2780,2019-07-20 13:01:46.831273063,259,0,1,7,0,362,1653,0
1,1,1,http://192.168.0.124,2781,2019-07-20 13:01:46.831915121,541,0,1,7,0,223,13364,0
1,1,1,http://192.168.0.124,2782,2019-07-20 13:01:46.832423214,287,0,1,7,0,228,5280,0
1,1,1,http://192.168.0.124,2783,2019-07-20 13:01:46.833026830,905,0,1,11,1,0,0,1
1,1,1,http://192.168.0.124,2784,2019-07-20 13:01:46.833753374,798,0,1,7,0,289,658,0
1,1,1,http://192.168.0.124,2785,2019-07-20 13:01:46.834220415,993,0,1,11,1,0,0,1
1,1,1,http://192.168.0.124,2786,2019-07-20 13:01:46.834808674,651,0,1,7,0,216,767,0
1,1,1,http://192.168.0.124,2787,2019-07-20 13:01:46.835355257,115,0,1,11,1,0,0,1
1,1,1,http://192.168.0.124,2788,2019-07-20 13:01:46.835903399,271,27,1,6,0,916,2720,0
1,1,1,http://192.168.0.124,2789,2019-07-20 13:01:46.836404052,743,0,1,11,1,0,0,1
1,1,1,http://192.168.0.124,2790,2019-07-20 13:01:46.836856656,453,0,1,11,1,0,0,1
1,1,1,http://192.168.0.124,2791,2019-07-20 13:01:46.837357628,888,0,1,7,0,221,316,0
1,1,1,http://192.168.0.124,2792,2019-07-20 13:01:46.837854916,607,0,1,0,0,9,35,0
1,1,1,http://192.168.0.124,2793,2019-07-20 13:01:46.838353895,740,0,1,7,0,290,1046,0
1,1,1,http://192.168.0.124,2794,2019-07-20 13:01:46.838851240,741,0,1,7,0,232,1719,0
1,1,1,http://192.168.0.124,2795,2019-07-20 13:01:46.839353680,256,0,1,7,0,321,1707,0
1,1,1,http://192.168.0.124,2796,2019-07-20 13:01:46.839765610,627,0,1,7,0,305,1705,0
1,1,1,http://192.168.0.124,2797,2019-07-20 13:01:46.840360472,617,0,1,11,1,0,0,1
1,1,1,http://192.168.0.124,2798,2019-07-20 13:01:46.840867314,940,0,1,7,0,241,7892,0
1,1,1,http://192.168.0.124,2799,2019-07-20 13:01:46.841371909,203,0,1,7,0,319,4967,0
1,1,1,http://192.168.0.124,2800,2019-07-20 13:01:46.841874310,174,0,1,7,0,305,1580,0
1,1,1,http://192.168.0.124,2801,2019-07-20 13:01:46.842384473,279,0,2,2,0,89,0,0
1,1,1,http://192.168.0.124,2802,2019-07-20 13:01:46.842801671,173,0,1,7,0,210,1707,0
1,1,1,http://192.168.0.124,2803,2019-07-20 13:01:46.843307101,183,0,1,7,0,191,2071,0
1,1,1,http://192.168.0.124,2804,2019-07-20 13:01:46.843860115,58,0,1,7,0,284,1108,0
1,1,1,http://192.168.0.124,2805,2019-07-20 13:01:46.844348902,260,0,1,7,0,212,360,0
1,1,1,http://192.168.0.124,2806,2019-07-20 13:01:46.844913101,509,0,1,7,0,189,313,0
1,1,1,http://192.168.0.124,2807,2019-07-20 13:01:46.845417879,186,1,1,12,0,1315,367,0
1,1,1,http://192.168.0.124,2808,2019-07-20 13:01:46.845943483,555,0,1,7,0,236,1680,0
1,1,1,http://192.168.0.124,2809,2019-07-20 13:01:46.846444689,515,0,1,7,0,307,891,0
1,1,1,http://192.168.0.124,2810,2019-07-20 13:01:46.846856614,949,0,1,11,1,0,0,1
1,1,1,http://192.168.0.124,2811,2019-07-20 13:01:46.847357743,988,0,1,7,0,276,2456,0
1,1,1,http://192.168.0.124,2812,2019-07-20 13:01:46.847882044,254,0,1,7,0,284,1227,0
1,1,1,http://192.168.0.124,2813,2019-07-20 13:01:46.848501456,593,0,1,11,1,0,0,1
1,1,1,http://192.168.0.124,2814,2019-07-20 13:01:46.849043002,419,0,1,11,1,0,0,1
1,1,1,http://192.168.0.124,2815,2019-07-20 13:01:46.849577951,518,0,1,11,1,0,0,1
1,1,1,http://192.168.0.124,2816,2019-07-20 13:01:46.850012582,148,0,1,7,0,227,3218,0
1,1,1,http://192.168.0.124,2817,2019-07-20 13:01:46.850515629,738,0,1,7,0,229,304,0
1,1,1,http://192.168.0.124,2818,2019-07-20 13:01:46.851020940,764,0,1,7,0,194,4161,0
1,1,1,http://192.168.0.124,2819,2019-07-20 13:01:46.851515972,223,0,1,7,0,239,2943,0
1,1,1,http://192.168.0.124,2820,2019-07-20 13:01:46.852027425,603,0,0,4,0,30,0,0
1,1,1,http://192.168.0.124,2821,2019-07-20 13:01:46.852435940,825,0,1,7,0,191,12161,0
1,1,1,http://192.168.0.124,2822,2019-07-20 13:01:46.852935816,86,0,1,7,0,240,8159,0
1,1,1,http://192.168.0.124,2823,2019-07-20 13:01:46.853439539,89,0,1,7,0,222,1981,0
1,1,1,http://192.168.0.124,2824,2019-07-20 13:01:46.854752612,78,0,1,7,0,245,1194,0
1,1,1,http://192.168.0.124,2825,2019-07-20 13:01:46.855555367,265,0,1,12,0,1575,498,0
1,1,1,http://192.168.0.124,2826,2019-07-20 13:01:46.856197529,216,0,1,7,0,191,3727,0
1,1,1,http://192.168.0.124,2827,2019-07-20 13:01:46.856623681,243,0,1,7,0,344,1180,0
1,1,1,http://192.168.0.124,2828,2019-07-20 13:01:46.857131023,462,0,1,12,0,1551,332,0
1,1,1,http://192.168.0.124,2829,2019-07-20 13:01:46.857734446,952,0,1,7,0,207,353,0
1,1,1,http://192.168.0.124,2830,2019-07-20 13:01:46.858247031,189,0,1,7,0,164,4460,0
1,1,1,http://192.168.0.124,2831,2019-07-20 13:01:46.858748241,982,0,1,7,0,198,1108,0
1,1,1,http://192.168.0.124,2832,2019-07-20 13:01:46.859253916,655,0,1,7,0,223,2133,0
1,1,1,http://192.168.0.124,2833,2019-07-20 13:01:46.859671834,107,0,2,10,0,48,48,0
1,1,1,http://192.168.0.124,2834,2019-07-20 13:01:46.860180134,775,0,1,7,0,308,944,0
1,1,1,http://192.168.0.124,2835,2019-07-20 13:01:46.860682075,149,0,1,7,0,330,1272,0
1,1,1,http://192.168.0.124,2836,2019-07-20 13:01:46.861195612,827,0,1,7,0,206,4010,0
1,1,1,http://192.168.0.124,2837,2019-07-20 13:01:46.861729065,27,0,1,7,0,322,1423,0
1,1,1,http://192.168.0.124,2838,2019-07-20 13:01:46.862161950,550,0,1,7,0,210,2593,0
1,1,1,http://192.168.0.124,2839,2019-07-20 13:01:46.862721207,809,0,1,7,0,263,30113,0
1,1,1,http://192.168.0.124,2840,2019-07-20 13:01:46.863252507,141,0,1,7,0,232,1302,0
1,1,1,http://192.168.0.124,2841,2019-07-20 13:01:46.863786667,575,0,1,7,0,336,960,0
1,1,1,http://192.168.0.124,2842,2019-07-20 13:01:46.864344292,412,0,1,7,0,308,944,0
1,1,1,http://192.168.0.124,2843,2019-07-20 13:01:46.864918470,396,0,1,7,0,189,2593,0
1,1,1,http://192.168.0.124,2844,2019-07-20 13:01:46.865352695,978,0,1,7,0,211,3218,0
1,1,1,http://192.168.0.124,2845,2019-07-20 13:01:46.865985929,119,0,1,7,0,307,343,0
1,1,1,http://192.168.0.124,2846,2019-07-20 13:01:46.866501425,898,0,1,7,0,302,458,0
1,1,1,http://192.168.0.124,2847,2019-07-20 13:01:46.867029688,973,0,1,7,0,216,316,0
1,1,1,http://192.168.0.124,2848,2019-07-20 13:01:46.867527777,59,0,1,7,0,338,4900,0
1,1,1,http://192.168.0.124,2849,2019-07-20 13:01:46.868047345,296,0,1,7,0,208,1726,0
1,1,1,http://192.168.0.124,2850,2019-07-20 13:01:46.868456027,537,0,1,7,0,239,486,0
1,1,1,http://192.168.0.124,2851,2019-07-20 13:01:46.868971774,529,0,1,7,0,275,316,0
1,1,1,http://192.168.0.124,2852,2019-07-20 13:01:46.869489665,918,0,1,11,1,0,0,1
1,1,1,http://192.168.0.124,2853,2019-07-20 13:01:46.870004392,742,0,1,7,0,317,4894,0
1,1,1,http://192.168.0.124,2854,2019-07-20 13:01:46.870498086,376,0,1,7,0,167,3187,0
1,1,1,http://192.168.0.124,2855,2019-07-20 13:01:46.870924100,815,0,1,7,0,370,520,0
1,1,1,http://192.168.0.124,2856,2019-07-20 13:01:46.871429715,853,0,1,7,0,321,1487,0
1,1,1,http://192.168.0.124,2857,2019-07-20 13:01:46.871929965,590,0,1,11,1,0,0,1
1,1,1,http://192.168.0.124,2858,2019-07-20 13:01:46.872437425,289,0,1,11,1,0,0,1
1,1,1,http://192.168.0.124,2859,2019-07-20 13:01:46.872940743,20,0,1,11,1,0,0,1
1,1,1,http://192.168.0.124,2860,2019-07-20 13:01:46.873445083,199,0,1,7,0,307,468,0
1,1,1,http://192.168.0.124,2861,2019-07-20 13:01:46.873956809,427,0,1,7,0,227,9920,0
1,1,1,http://192.168.0.124,2862,2019-07-20 13:01:46.874493531,630,0,1,7,0,307,1992,0
1,1,1,http://192.168.0.124,2863,2019-07-20 13:01:46.875035055,666,0,1,7,0,340,681,0
1,1,1,http://192.168.0.124,2864,2019-07-20 13:01:46.875533683,521,0,1,7,0,221,1461,0
1,1,1,http://192.168.0.124,2865,2019-07-20 13:01:46.876164097,748,0,1,7,0,288,798,0
1,1,1,http://192.168.0.124,2866,2019-07-20 13:01:46.876823707,654,0,1,7,0,228,16617,0
1,1,1,http://192.168.0.124,2867,2019-07-20 13:01:46.877337292,816,0,1,7,0,311,1707,0
1,1,1,http://192.168.0.124,2868,2019-07-20 13:01:46.877846054,195,0,1,7,0,224,1658,0
1,1,1,http://192.168.0.124,2869,2019-07-20 13:01:46.878451037,242,0,1,7,0,226,1637,0
1,1,1,http://192.168.0.124,2870,2019-07-20 13:01:46.879406186,633,0,1,7,0,296,2325,0
1,1,1,http://192.168.0.124,2871,2019-07-20 13:01:46.880232048,337,0,1,7,0,224,2531,0
1,1,1,http://192.168.0.124,2872,2019-07-20 13:01:46.880744984,200,0,1,7,0,200,17733,0
1,1,1,http://192.168.0.124,2873,2019-07-20 13:01:46.881255903,584,0,1,7,0,212,259,0
1,1,1,http://192.168.0.124,2874,2019-07-20 13:01:46.881766050,167,0,1,7,0,281,755,0
1,1,1,http://192.168.0.124,2875,2019-07-20 13:01:46.882191507,240,0,1,7,0,212,24572,0
1,1,1,http://192.168.0.124,2876,2019-07-20 13:01:46.882705001,190,0,1,7,0,299,2717,0
1,1,1,http://192.168.0.124,2877,2019-07-20 13:01:46.883313477,333,0,1,7,0,199,654,0
1,1,1,http://192.168.0.124,2878,2019-07-20 13:01:46.883824660,856,0,1,7,0,317,6333,0
1,1,1,http://192.168.0.124,2879,2019-07-20 13:01:46.884379754,7,0,1,7,0,287,12884,0
1,1,1,http://192.168.0.124,2880,2019-07-20 13:01:46.884913438,226,0,1,7,0,309,352,0
1,1,1,http://192.168.0.124,2881,2019-07-20 13:01:46.885393873,636,0,1,7,0,162,2429,0
1,1,1,http://192.168.0.124,2882,2019-07-20 13:01:46.885943682,896,0,1,7,0,308,1481,0
1,1,1,http://192.168.0.124,2883,2019-07-20 13:01:46.886455769,757,0,1,7,0,307,1092,0
1,1,1,http://192.168.0.124,2884,2019-07-20 13:01:46.886992754,532,0,1,7,0,296,1319,0
1,1,1,http://192.168.0.124,2885,2019-07-20 13:01:46.887557770,846,0,1,12,0,1974,494,0
1,1,1,http://192.168.0.124,2886,2019-07-20 13:01:46.888017765,613,0,1,7,0,306,3211,0
1,1,1,http://192.168.0.124,2887,2019-07-20 13:01:46.888520638,690,0,1,7,0,309,17798,0
1,1,1,http://192.168.0.124,2888,2019-07-20 13:01:46.889066957,906,0,1,7,0,343,1544,0
1,1,1,http://192.168.0.124,2889,2019-07-20 13:01:46.889568908,566,0,1,7,0,236,918,0
1,1,1,http://192.168.0.124,2890,2019-07-20 13:01:46.890086609,488,0,1,7,0,218,2002,0
1,1,1,http://192.168.0.124,2891,2019-07-20 13:01:46.890595463,150,0,1,7,0,340,2325,0
1,1,1,http://192.168.0.124,2892,2019-07-20 13:01:46.891022389,413,0,1,7,0,285,25519,0
1,1,1,http://192.168.0.124,2893,2019-07-20 13:01:46.891636270,826,0,1,7,0,307,1425,0
1,1,1,http://192.168.0.124,2894,2019-07-20 13:01:46.892191301,281,0,1,7,0,322,1701,0
1,1,1,http://192.168.0.124,2895,2019-07-20 13:01:46.892785264,85,0,1,11,1,0,0,1
1,1,1,http://192.168.0.124,2896,2019-07-20 13:01:46.893306080,554,0,1,7,0,228,2917,0
1,1,1,http://192.168.0.124,2897,2019-07-20 13:01:46.893851020,207,0,1,7,0,209,751,0
1,1,1,http://192.168.0.124,2898,2019-07-20 13:01:46.894307719,100,0,1,7,0,303,316,0
1,1,1,http://192.168.0.124,2899,2019-07-20 13:01:46.894912900,502,0,1,7,0,305,280,0
1,1,1,http://192.168.0.124,2900,2019-07-20 13:01:46.895429715,464,0,1,7,0,226,944,0
1,1,1,http://192.168.0.124,2901,2019-07-20 13:01:46.895967202,295,0,1,7,0,317,2658,0
1,1,1,http://192.168.0.124,2902,2019-07-20 13:01:46.896478835,317,0,1,7,0,186,316,0
1,1,1,http://192.168.0.124,2903,2019-07-20 13:01:46.896899958,873,0,1,12,0,1666,328,0
1,1,1,http://192.168.0.124,2904,2019-07-20 13:01:46.897408307,297,0,0,4,0,30,0,0
1,1,1,http://192.168.0.124,2905,2019-07-20 13:01:46.897944239,916,0,1,7,0,292,1600,0
1,1,1,http://192.168.0.124,2906,2019-07-20 13:01:46.898467387,131,0,1,7,0,346,1270,0
1,1,1,http://192.168.0.124,2907,2019-07-20 13:01:46.899011445,36,0,1,7,0,297,533,0
1,1,1,http://192.168.0.124,2908,2019-07-20 13:01:46.899561618,40,0,1,7,0,227,1695,0
1,1,1,http://192.168.0.124,2909,2019-07-20 13:01:46.900190058,679,0,1,7,0,205,308,0
1,1,1,http://192.168.0.124,2910,2019-07-20 13:01:46.900702074,198,0,1,7,0,232,2105,0
1,1,1,http://192.168.0.124,2911,2019-07-20 13:01:46.901131728,556,0,1,7,0,151,511,0
1,1,1,http://192.168.0.124,2912,2019-07-20 13:01:46.901642851,347,0,1,7,0,223,269,0
1,1,1,http://192.168.0.124,2913,2019-07-20 13:01:46.902157113,68,20,1,6,0,239,774,0
1,1,1,http://192.168.0.124,2914,2019-07-20 13:01:46.903011009,626,0,1,7,0,284,13410,0
1,1,1,http://192.168.0.124,2915,2019-07-20 13:01:46.904062967,341,0,1,7,0,215,1263,0
1,1,1,http://192.168.0.124,2916,2019-07-20 13:01:46.904786313,179,0,1,7,0,306,1308,0
1,1,1,http://192.168.0.124,2917,2019-07-20 13:01:46.905255678,951,0,1,7,0,197,315,0
1,1,1,http://192.168.0.124,2918,2019-07-20 13:01:46.905801622,307,0,1,7,0,281,757,0
1,1,1,http://192.168.0.124,2919,2019-07-20 13:01:46.906320241,620,0,1,7,0,232,1819,0
1,1,1,http://192.168.0.124,2920,2019-07-20 13:01:46.906833895,682,0,1,7,0,203,768,0
1,1,1,http://192.168.0.124,2921,2019-07-20 13:01:46.907392375,445,0,1,7,0,242,3855,0
1,1,1,http://192.168.0.124,2922,2019-07-20 13:01:46.907862046,871,0,1,7,0,232,1721,0
1,1,1,http://192.168.0.124,2923,2019-07-20 13:01:46.908419154,193,0,1,7,0,246,11889,0
1,1,1,http://192.168.0.124,2924,2019-07-20 13:01:46.908963665,863,0,1,7,0,216,2531,0
1,1,1,http://192.168.0.124,2925,2019-07-20 13:01:46.909676008,466,0,1,7,0,212,2531,0
1,1,1,http://192.168.0.124,2926,2019-07-20 13:01:46.910302516,904,0,1,7,0,230,2395,0
1,1,1,http://192.168.0.124,2927,2019-07-20 13:01:46.910820093,38,0,1,7,0,204,1046,0
1,1,1,http://192.168.0.124,2928,2019-07-20 13:01:46.911249420,606,0,1,7,0,191,910,0
1,1,1,http://192.168.0.124,2929,2019-07-20 13:01:46.911765731,319,0,1,7,0,223,1589,0
1,1,1,http://192.168.0.124,2930,2019-07-20 13:01:46.912286811,392,0,1,0,0,10,39,0
1,1,1,http://192.168.0.124,2931,2019-07-20 13:01:46.912800348,298,0,1,11,1,0,0,1
1,1,1,http://192.168.0.124,2932,2019-07-20 13:01:46.913318398,187,0,1,12,0,642,327,0
1,1,1,http://192.168.0.124,2933,2019-07-20 13:01:46.913833175,668,0,1,7,0,268,602,0
1,1,1,http://192.168.0.124,2934,2019-07-20 13:01:46.914266770,661,0,1,7,0,234,944,0
1,1,1,http://192.168.0.124,2935,2019-07-20 13:01:46.914843735,454,0,1,7,0,201,2658,0
1,1,1,http://192.168.0.124,2936,2019-07-20 13:01:46.915361045,291,0,1,7,0,274,11889,0
1,1,1,http://192.168.0.124,2937,2019-07-20 13:01:46.915907702,967,0,1,7,0,255,1948,0
1,1,1,http://192.168.0.124,2938,2019-07-20 13:01:46.916429124,830,0,1,7,0,333,1819,0
1,1,1,http://192.168.0.124,2939,2019-07-20 13:01:46.916858023,57,0,1,11,1,0,0,1
1,1,1,http://192.168.0.124,2940,2019-07-20 13:01:46.917383286,753,0,1,7,0,256,1169,0
1,1,1,http://192.168.0.124,2941,2019-07-20 13:01:46.917894848,696,0,1,11,1,0,0,1
1,1,1,http://192.168.0.124,2942,2019-07-20 13:01:46.918502672,39,0,1,11,1,0,0,1
1,1,1,http://192.168.0.124,2943,2019-07-20 13:01:46.919031300,902,0,1,7,0,215,1108,0
1,1,1,http://192.168.0.124,2944,2019-07-20 13:01:46.919536057,400,0,1,7,0,215,706,0
1,1,1,http://192.168.0.124,2945,2019-07-20 13:01:46.919962875,205,0,1,7,0,236,1378,0
1,1,1,http://192.168.0.124,2946,2019-07-20 13:01:46.920487226,752,0,1,7,0,314,2996,0
1,1,1,http://192.168.0.124,2947,2019-07-20 13:01:46.921011677,306,0,1,7,0,329,612,0
1,1,1,http://192.168.0.124,2948,2019-07-20 13:01:46.921518558,519,0,1,7,0,322,1600,0
1,1,1,http://192.168.0.124,2949,2019-07-20 13:01:46.922088494,6,0,1,7,0,193,3991,0
1,1,1,http://192.168.0.124,2950,2019-07-20 13:01:46.922632761,684,0,1,7,0,224,3609,0
1,1,1,http://192.168.0.124,2951,2019-07-20 13:01:46.923105293,648,0,1,7,0,313,293,0
1,1,1,http://192.168.0.124,2952,2019-07-20 13:01:46.923647599,954,0,1,11,1,0,0,1
1,1,1,http://192.168.0.124,2953,2019-07-20 13:01:46.924163695,785,0,1,7,0,327,8377,0
1,1,1,http://192.168.0.124,2954,2019-07-20 13:01:46.924745852,609,0,1,7,0,333,2019,0
1,1,1,http://192.168.0.124,2955,2019-07-20 13:01:46.925276518,71,0,1,7,0,256,125015,0
1,1,1,http://192.168.0.124,2956,2019-07-20 13:01:46.925859969,126,0,1,7,0,241,2129,0
1,1,1,http://192.168.0.124,2957,2019-07-20 13:01:46.926290635,842,0,1,7,0,330,13179,0
1,1,1,http://192.168.0.124,2958,2019-07-20 13:01:46.926918237,611,0,2,2,0,30,0,0
1,1,1,http://192.168.0.124,2959,2019-07-20 13:01:46.927785442,387,0,1,7,0,230,222,0
1,1,1,http://192.168.0.124,2960,2019-07-20 13:01:46.928635564,984,0,1,7,0,310,2195,0
1,1,1,http://192.168.0.124,2961,2019-07-20 13:01:46.929456721,897,0,1,7,0,207,9430,0
1,1,1,http://192.168.0.124,2962,2019-07-20 13:01:46.929925138,228,1,1,12,0,1609,364,0
1,1,1,http://192.168.0.124,2963,2019-07-20 13:01:46.930467607,930,0,1,7,0,178,1973,0
1,1,1,http://192.168.0.124,2964,2019-07-20 13:01:46.930999929,728,0,1,7,0,218,423,0
1,1,1,http://192.168.0.124,2965,2019-07-20 13:01:46.931517893,208,0,1,12,0,1415,880,0
1,1,1,http://192.168.0.124,2966,2019-07-20 13:01:46.932052167,156,0,1,7,0,283,1980,0
1,1,1,http://192.168.0.124,2967,2019-07-20 13:01:46.932566792,522,0,1,7,0,305,352,0
1,1,1,http://192.168.0.124,2968,2019-07-20 13:01:46.933007622,407,0,1,7,0,320,540,0
1,1,1,http://192.168.0.124,2969,2019-07-20 13:01:46.933518302,231,0,1,7,0,272,4145,0
1,1,1,http://192.168.0.124,2970,2019-07-20 13:01:46.934045044,81,0,1,7,0,319,5036,0
1,1,1,http://192.168.0.124,2971,2019-07-20 13:01:46.934552830,394,0,1,7,0,308,2071,0
1,1,1,http://192.168.0.124,2972,2019-07-20 13:01:46.935137454,227,0,1,7,0,228,16617,0
1,1,1,http://192.168.0.124,2973,2019-07-20 13:01:46.935803340,436,0,1,7,0,334,1718,0
1,1,1,http://192.168.0.124,2974,2019-07-20 13:01:46.936355931,29,0,1,7,0,210,5939,0
1,1,1,http://192.168.0.124,2975,2019-07-20 13:01:46.936921255,814,0,1,7,0,238,2112,0
1,1,1,http://192.168.0.124,2976,2019-07-20 13:01:46.937445079,879,0,1,7,0,247,1719,0
1,1,1,http://192.168.0.124,2977,2019-07-20 13:01:46.937964499,182,0,1,11,1,0,0,1
1,1,1,http://192.168.0.124,2978,2019-07-20 13:01:46.938489728,172,0,1,7,0,223,1715,0
1,1,1,http://192.168.0.124,2979,2019-07-20 13:01:46.938924010,511,0,1,7,0,207,589,0
1,1,1,http://192.168.0.124,2980,2019-07-20 13:01:46.939453244,773,0,1,7,0,212,25519,0
1,1,1,http://192.168.0.124,2981,2019-07-20 13:01:46.939978919,545,0,1,7,0,237,2964,0
1,1,1,http://192.168.0.124,2982,2019-07-20 13:01:46.940561988,767,0,1,7,0,233,5533,0
1,1,1,http://192.168.0.124,2983,2019-07-20 13:01:46.941139001,300,0,1,7,0,256,1273,0
1,1,1,http://192.168.0.124,2984,2019-07-20 13:01:46.941665603,737,0,1,7,0,247,1680,0
1,1,1,http://192.168.0.124,2985,2019-07-20 13:01:46.942110360,64,0,1,7,0,236,1190,0
1,1,1,http://192.168.0.124,2986,2019-07-20 13:01:46.942639483,759,0,1,7,0,221,1408,0
1,1,1,http://192.168.0.124,2987,2019-07-20 13:01:46.943162113,615,0,1,7,0,344,3796,0
1,1,1,http://192.168.0.124,2988,2019-07-20 13:01:46.943681734,563,0,1,7,0,245,11660,0
1,1,1,http://192.168.0.124,2989,2019-07-20 13:01:46.944201997,37,0,1,7,0,329,449,0
1,1,1,http://192.168.0.124,2990,2019-07-20 13:01:46.944825245,290,0,1,11,1,0,0,1
1,1,1,http://192.168.0.124,2991,2019-07-20 13:01:46.945291608,996,0,1,7,0,243,1719,0
1,1,1,http://192.168.0.124,2992,2019-07-20 13:01:46.945854856,76,0,1,7,0,279,7355,0
1,1,1,http://192.168.0.124,2993,2019-07-20 13:01:46.946375398,895,0,1,7,0,234,1651,0
1,1,1,http://192.168.0.124,2994,2019-07-20 13:01:46.946921915,9,0,1,11,1,0,0,1
1,1,1,http://192.168.0.124,2995,2019-07-20 13:01:46.947440035,494,0,1,7,0,231,30165,0
1,1,1,http://192.168.0.124,2996,2019-07-20 13:01:46.947914015,962,0,1,7,0,204,222,0
1,1,1,http://192.168.0.124,2997,2019-07-20 13:01:46.948464042,357,0,1,7,0,222,321,0
1,1,1,http://192.168.0.124,2998,2019-07-20 13:01:46.949023986,793,0,1,7,0,235,6627,0
1,1,1,http://192.168.0.124,2999,2019-07-20 13:01:46.949582647,442,0,1,7,0,226,61480,0
1,1,1,http://192.168.0.124,3000,2019-07-20 13:01:46.950134389,524,0,1,7,0,155,424,0
1,1,1,http://192.168.0.124,3001,2019-07-20 13:01:46.950654389,558,0,1,7,0,301,1349,0
1,1,1,http://192.168.0.124,3002,2019-07-20 13:01:46.951088956,712,0,1,7,0,296,1415,0
1,1,1,http://192.168.0.124,3003,2019-07-20 13:01:46.951979237,812,0,1,7,0,312,13647,0
1,1,1,http://192.168.0.124,3004,2019-07-20 13:01:46.952923419,405,0,1,7,0,213,12446,0
1,1,1,http://192.168.0.124,3005,2019-07-20 13:01:46.953766979,312,0,1,7,0,303,616,0
1,1,1,http://192.168.0.124,3006,2019-07-20 13:01:46.954447429,621,0,1,7,0,232,1721,0
1,1,1,http://192.168.0.124,3007,2019-07-20 13:01:46.955116990,977,0,1,7,0,294,1694,0
1,1,1,http://192.168.0.124,3008,2019-07-20 13:01:46.955548828,388,0,1,7,0,285,25519,0
1,1,1,http://192.168.0.124,3009,2019-07-20 13:01:46.956154451,595,0,1,7,0,241,259,0
1,1,1,http://192.168.0.124,3010,2019-07-20 13:01:46.956708184,979,0,1,13,1,0,0,1
1,1,1,http://192.168.0.124,3011,2019-07-20 13:01:46.957233981,887,0,1,11,1,0,0,1
1,1,1,http://192.168.0.124,3012,2019-07-20 13:01:46.957759027,469,0,1,7,0,242,2118,0
1,1,1,http://192.168.0.124,3013,2019-07-20 13:01:46.958201589,270,0,1,7,0,175,2273,0
1,1,1,http://192.168.0.124,3014,2019-07-20 13:01:46.958723876,384,0,1,7,0,310,304,0
1,1,1,http://192.168.0.124,3015,2019-07-20 13:01:46.959256972,910,0,1,7,0,338,1408,0
1,1,1,http://192.168.0.124,3016,2019-07-20 13:01:46.959789103,598,0,1,7,0,217,280,0
1,1,1,http://192.168.0.124,3017,2019-07-20 13:01:46.960320526,625,0,1,7,0,234,1713,0
1,1,1,http://192.168.0.124,3018,2019-07-20 13:01:46.960841458,616,0,1,7,0,305,1035,0
1,1,1,http://192.168.0.124,3019,2019-07-20 13:01:46.961281530,168,0,1,11,1,0,0,1
1,1,1,http://192.168.0.124,3020,2019-07-20 13:01:46.961804249,585,0,1,7,0,172,5884,0
1,1,1,http://192.168.0.124,3021,2019-07-20 13:01:46.962327693,676,0,2,10,0,48,48,0
1,1,1,http://192.168.0.124,3022,2019-07-20 13:01:46.962942473,354,0,1,7,0,321,1214,0
1,1,1,http://192.168.0.124,3023,2019-07-20 13:01:46.963645211,761,0,1,7,0,219,2000,0
1,1,1,http://192.168.0.124,3024,2019-07-20 13:01:46.964182363,708,0,1,7,0,271,831,0
1,1,1,http://192.168.0.124,3025,2019-07-20 13:01:46.964628248,258,0,2,10,0,48,48,0
1,1,1,http://192.168.0.124,3026,2019-07-20 13:01:46.965188969,349,0,1,7,0,288,626,0
1,1,1,http://192.168.0.124,3027,2019-07-20 13:01:46.965757033,972,0,1,11,1,0,0,1
1,1,1,http://192.168.0.124,3028,2019-07-20 13:01:46.966286660,443,0,1,12,0,2334,549,0
1,1,1,http://192.168.0.124,3029,2019-07-20 13:01:46.966839999,335,0,1,7,0,196,6107,0
1,1,1,http://192.168.0.124,3030,2019-07-20 13:01:46.967282472,781,0,1,7,0,326,6639,0
1,1,1,http://192.168.0.124,3031,2019-07-20 13:01:46.967807082,230,0,1,7,0,303,7208,0
1,1,1,http://192.168.0.124,3032,2019-07-20 13:01:46.968330183,367,0,1,7,0,146,4097,0
1,1,1,http://192.168.0.124,3033,2019-07-20 13:01:46.968853987,703,0,1,7,0,217,1255,0
1,1,1,http://192.168.0.124,3034,2019-07-20 13:01:46.969379876,14,0,1,11,1,0,0,1
1,1,1,http://192.168.0.124,3035,2019-07-20 13:01:46.969902970,683,0,1,14,1,0,0,1
1,1,1,http://192.168.0.124,3036,2019-07-20 13:01:46.970340362,180,0,1,7,0,242,2109,0
1,1,1,http://192.168.0.124,3037,2019-07-20 13:01:46.970864790,267,1,1,12,0,1596,329,0
1,1,1,http://192.168.0.124,3038,2019-07-20 13:01:46.971387635,342,0,1,7,0,279,388,0
1,1,1,http://192.168.0.124,3039,2019-07-20 13:01:46.972014373,457,0,1,7,0,300,16660,0
1,1,1,http://192.168.0.124,3040,2019-07-20 13:01:46.972631068,108,0,1,7,0,219,1651,0
1,1,1,http://192.168.0.124,3041,2019-07-20 13:01:46.973198149,235,0,1,7,0,325,12884,0
1,1,1,http://192.168.0.124,3042,2019-07-20 13:01:46.973664021,424,0,1,7,0,251,1319,0
1,1,1,http://192.168.0.124,3043,2019-07-20 13:01:46.974301599,704,0,1,0,0,9,37,0
1,1,1,http://192.168.0.124,3044,2019-07-20 13:01:46.974884145,577,0,1,11,1,0,0,1
1,1,1,http://192.168.0.124,3045,2019-07-20 13:01:46.975445302,206,0,1,7,0,207,891,0
1,1,1,http://192.168.0.124,3046,2019-07-20 13:01:46.976020584,756,0,1,7,0,302,1461,0
1,1,1,http://192.168.0.124,3047,2019-07-20 13:01:46.976896856,127,0,1,7,0,228,3798,0
1,1,1,http://192.168.0.124,3048,2019-07-20 13:01:46.977758542,171,0,1,7,0,255,261,0
1,1,1,http://192.168.0.124,3049,2019-07-20 13:01:46.978457004,339,0,1,11,1,0,0,1
1,1,1,http://192.168.0.124,3050,2019-07-20 13:01:46.979058589,699,0,1,11,1,0,0,1
1,1,1,http://192.168.0.124,3051,2019-07-20 13:01:46.979622723,638,0,1,7,0,212,786,0
1,1,1,http://192.168.0.124,3052,2019-07-20 13:01:46.980159188,912,0,1,7,0,226,74301,0
1,1,1,http://192.168.0.124,3053,2019-07-20 13:01:46.980690163,188,0,1,7,0,232,1819,0
1,1,1,http://192.168.0.124,3054,2019-07-20 13:01:46.981323209,93,0,1,11,1,0,0,1
1,1,1,http://192.168.0.124,3055,2019-07-20 13:01:46.981812742,915,0,1,7,0,198,1111,0
1,1,1,http://192.168.0.124,3056,2019-07-20 13:01:46.982347753,839,0,1,7,0,317,6329,0
1,1,1,http://192.168.0.124,3057,2019-07-20 13:01:46.982951376,418,0,1,7,0,319,556,0
1,1,1,http://192.168.0.124,3058,2019-07-20 13:01:46.983485526,1003,0,1,7,0,309,755,0
1,1,1,http://192.168.0.124,3059,2019-07-20 13:01:46.984055839,634,0,0,4,0,30,0,0
1,1,1,http://192.168.0.124,3060,2019-07-20 13:01:46.984577547,326,0,1,11,1,0,0,1
1,1,1,http://192.168.0.124,3061,2019-07-20 13:01:46.985079501,170,0,1,7,0,355,307,0
1,1,1,http://192.168.0.124,3062,2019-07-20 13:01:46.985756745,961,0,1,7,0,223,5434,0
1,1,1,http://192.168.0.124,3063,2019-07-20 13:01:46.986291963,406,0,1,11,1,0,0,1
1,1,1,http://192.168.0.124,3064,2019-07-20 13:01:46.986844410,513,0,1,7,0,295,1680,0
1,1,1,http://192.168.0.124,3065,2019-07-20 13:01:46.987371870,922,0,1,7,0,238,13410,0
1,1,1,http://192.168.0.124,3066,2019-07-20 13:01:46.987911788,750,0,1,7,0,225,2063,0
1,1,1,http://192.168.0.124,3067,2019-07-20 13:01:46.988445687,316,0,1,7,0,160,170,0
1,1,1,http://192.168.0.124,3068,2019-07-20 13:01:46.989016428,688,0,1,11,1,0,0,1
1,1,1,http://192.168.0.124,3069,2019-07-20 13:01:46.989553304,560,0,1,7,0,257,4027,0
1,1,1,http://192.168.0.124,3070,2019-07-20 13:01:46.990091159,713,0,1,7,0,225,370,0
1,1,1,http://192.168.0.124,3071,2019-07-20 13:01:46.990714663,858,0,1,7,0,322,8766,0
1,1,1,http://192.168.0.124,3072,2019-07-20 13:01:46.991169146,586,0,1,7,0,217,2032,0
1,1,1,http://192.168.0.124,3073,2019-07-20 13:01:46.991710008,56,0,1,11,1,0,0,1
1,1,1,http://192.168.0.124,3074,2019-07-20 13:01:46.992242276,629,0,0,4,0,30,0,0
1,1,1,http://192.168.0.124,3075,2019-07-20 13:01:46.992770208,932,0,1,7,0,215,24860,0
1,1,1,http://192.168.0.124,3076,2019-07-20 13:01:46.993303875,386,0,1,7,0,212,259,0
1,1,1,http://192.168.0.124,3077,2019-07-20 13:01:46.993831034,158,0,1,7,0,279,757,0
1,1,1,http://192.168.0.124,3078,2019-07-20 13:01:46.994278734,348,0,1,7,0,333,1035,0
1,1,1,http://192.168.0.124,3079,2019-07-20 13:01:46.994805716,142,0,1,7,0,300,1651,0
1,1,1,http://192.168.0.124,3080,2019-07-20 13:01:46.995362183,510,0,1,7,0,224,3694,0
1,1,1,http://192.168.0.124,3081,2019-07-20 13:01:46.995928485,499,0,1,7,0,298,3214,0
1,1,1,http://192.168.0.124,3082,2019-07-20 13:01:46.996418672,970,0,1,7,0,183,8654,0
1,1,1,http://192.168.0.124,3083,2019-07-20 13:01:46.996971996,604,0,1,11,1,0,0,1
1,1,1,http://192.168.0.124,3084,2019-07-20 13:01:46.997501158,26,0,1,12,0,3714,393,0
1,1,1,http://192.168.0.124,3085,2019-07-20 13:01:46.998063689,276,0,1,12,0,1078,334,0
1,1,1,http://192.168.0.124,3086,2019-07-20 13:01:46.998649486,968,0,1,7,0,215,24860,0
1,1,1,http://192.168.0.124,3087,2019-07-20 13:01:46.999180674,591,0,1,7,0,314,2298,0
1,1,1,http://192.168.0.124,3088,2019-07-20 13:01:46.999777597,21,0,2,10,0,48,48,0
1,1,1,http://192.168.0.124,3089,2019-07-20 13:01:47.000315793,496,0,1,7,0,240,4678,0
1,1,1,http://192.168.0.124,3090,2019-07-20 13:01:47.000843930,250,0,1,12,0,1541,333,0
1,1,1,http://192.168.0.124,3091,2019-07-20 13:01:47.001868178,675,0,1,7,0,317,4894,0
1,1,1,http://192.168.0.124,3092,2019-07-20 13:01:47.002733162,175,0,1,7,0,218,1484,0
1,1,1,http://192.168.0.124,3093,2019-07-20 13:01:47.003359266,637,0,1,7,0,208,15642,0
1,1,1,http://192.168.0.124,3094,2019-07-20 13:01:47.003935091,109,0,1,7,0,217,654,0
1,1,1,http://192.168.0.124,3095,2019-07-20 13:01:47.004534696,739,0,1,7,0,309,1030,0
1,1,1,http://192.168.0.124,3096,2019-07-20 13:01:47.005177437,589,0,1,7,0,284,43129,0
1,1,1,http://192.168.0.124,3097,2019-07-20 13:01:47.005798909,600,0,1,7,0,264,16123,0
1,1,1,http://192.168.0.124,3098,2019-07-20 13:01:47.006249852,569,0,1,7,0,334,4450,0
1,1,1,http://192.168.0.124,3099,2019-07-20 13:01:47.006805987,716,0,1,7,0,141,4027,0
1,1,1,http://192.168.0.124,3100,2019-07-20 13:01:47.007351046,17,0,1,7,0,289,4894,0
1,1,1,http://192.168.0.124,3101,2019-07-20 13:01:47.007884880,971,0,1,11,1,0,0,1
1,1,1,http://192.168.0.124,3102,2019-07-20 13:01:47.008462892,104,0,1,7,0,330,1481,0
1,1,1,http://192.168.0.124,3103,2019-07-20 13:01:47.009142247,717,0,1,7,0,210,624,0
1,1,1,http://192.168.0.124,3104,2019-07-20 13:01:47.009605509,102,0,1,11,1,0,0,1
1,1,1,http://192.168.0.124,3105,2019-07-20 13:01:47.010156640,882,0,1,11,1,0,0,1
1,1,1,http://192.168.0.124,3106,2019-07-20 13:01:47.010691939,305,0,1,7,0,281,757,0
1,1,1,http://192.168.0.124,3107,2019-07-20 13:01:47.011229475,106,0,1,7,0,198,2081,0
1,1,1,http://192.168.0.124,3108,2019-07-20 13:01:47.011807595,687,0,1,7,0,233,3609,0
1,1,1,http://192.168.0.124,3109,2019-07-20 13:01:47.012342726,35,0,1,7,0,245,1919,0
1,1,1,http://192.168.0.124,3110,2019-07-20 13:01:47.012869939,482,0,1,7,0,328,19161,0
1,1,1,http://192.168.0.124,3111,2019-07-20 13:01:47.013412203,920,0,1,7,0,342,5401,0
1,1,1,http://192.168.0.124,3112,2019-07-20 13:01:47.013978986,735,0,1,7,0,220,304,0
1,1,1,http://192.168.0.124,3113,2019-07-20 13:01:47.014519571,995,0,1,7,0,168,2876,0
1,1,1,http://192.168.0.124,3114,2019-07-20 13:01:47.015102185,147,0,1,7,0,354,1752,0
1,1,1,http://192.168.0.124,3115,2019-07-20 13:01:47.015559151,284,0,1,7,0,213,1108,0
1,1,1,http://192.168.0.124,3116,2019-07-20 13:01:47.016168917,191,0,1,7,0,235,1718,0
1,1,1,http://192.168.0.124,3117,2019-07-20 13:01:47.016740353,939,0,1,7,0,329,9960,0
1,1,1,http://192.168.0.124,3118,2019-07-20 13:01:47.017277071,303,0,1,7,0,322,1721,0
1,1,1,http://192.168.0.124,3119,2019-07-20 13:01:47.017896206,928,0,1,7,0,212,25519,0
1,1,1,http://192.168.0.124,3120,2019-07-20 13:01:47.018524417,435,1,1,12,0,3591,338,0
1,1,1,http://192.168.0.124,3121,2019-07-20 13:01:47.019098713,329,0,1,12,0,880,327,0
1,1,1,http://192.168.0.124,3122,2019-07-20 13:01:47.019636692,975,0,1,7,0,333,1718,0
1,1,1,http://192.168.0.124,3123,2019-07-20 13:01:47.020175345,272,0,1,11,1,0,0,1
1,1,1,http://192.168.0.124,3124,2019-07-20 13:01:47.020706340,31,0,1,7,0,206,1970,0
1,1,1,http://192.168.0.124,3125,2019-07-20 13:01:47.021158565,531,0,1,7,0,237,1461,0
1,1,1,http://192.168.0.124,3126,2019-07-20 13:01:47.021692054,166,0,1,7,0,286,1415,0
1,1,1,http://192.168.0.124,3127,2019-07-20 13:01:47.022227474,614,0,1,7,0,201,6329,0
1,1,1,http://192.168.0.124,3128,2019-07-20 13:01:47.022760314,980,0,1,7,0,160,3102,0
1,1,1,http://192.168.0.124,3129,2019-07-20 13:01:47.023294946,48,0,1,7,0,202,606,0
1,1,1,http://192.168.0.124,3130,2019-07-20 13:01:47.023824997,101,0,1,7,0,338,944,0
1,1,1,http://192.168.0.124,3131,2019-07-20 13:01:47.024275113,299,0,1,7,0,221,18977,0
1,1,1,http://192.168.0.124,3132,2019-07-20 13:01:47.024848880,850,0,1,7,0,285,25519,0
1,1,1,http://192.168.0.124,3133,2019-07-20 13:01:47.025382709,872,0,1,7,0,302,2164,0
1,1,1,http://192.168.0.124,3134,2019-07-20 13:01:47.025957375,803,0,1,11,1,0,0,1
1,1,1,http://192.168.0.124,3135,2019-07-20 13:01:47.027245644,480,0,1,12,0,1254,323,0
1,1,1,http://192.168.0.124,3136,2019-07-20 13:01:47.027976890,470,0,1,7,0,216,12884,0
1,1,1,http://192.168.0.124,3137,2019-07-20 13:01:47.028678108,647,27,1,6,0,1458,4152,0
1,1,1,http://192.168.0.124,3138,2019-07-20 13:01:47.029304169,401,0,1,7,0,232,1302,0
1,1,1,http://192.168.0.124,3139,2019-07-20 13:01:47.029900362,364,0,1,7,0,310,6961,0
1,1,1,http://192.168.0.124,3140,2019-07-20 13:01:47.030441391,292,0,1,7,0,231,1718,0
1,1,1,http://192.168.0.124,3141,2019-07-20 13:01:47.030993900,601,0,1,7,0,319,1712,0
1,1,1,http://192.168.0.124,3142,2019-07-20 13:01:47.031442697,92,0,1,11,1,0,0,1
1,1,1,http://192.168.0.124,3143,2019-07-20 13:01:47.031989974,542,0,1,7,0,340,10629,0
1,1,1,http://192.168.0.124,3144,2019-07-20 13:01:47.032524100,644,0,1,11,1,0,0,1
1,1,1,http://192.168.0.124,3145,2019-07-20 13:01:47.033069517,430,0,1,7,0,227,2325,0
1,1,1,http://192.168.0.124,3146,2019-07-20 13:01:47.033605118,581,0,1,11,1,0,0,1
1,1,1,http://192.168.0.124,3147,2019-07-20 13:01:47.034145995,163,0,1,7,0,314,569,0
1,1,1,http://192.168.0.124,3148,2019-07-20 13:01:47.034595405,709,0,1,7,0,180,22951,0
1,1,1,http://192.168.0.124,3149,2019-07-20 13:01:47.035135664,62,0,1,7,0,223,1680,0
1,1,1,http://192.168.0.124,3150,2019-07-20 13:01:47.035706079,573,0,1,7,0,204,2993,0
1,1,1,http://192.168.0.124,3151,2019-07-20 13:01:47.036349578,487,0,1,7,0,222,1408,0
1,1,1,http://192.168.0.124,3152,2019-07-20 13:01:47.036933256,938,0,1,7,0,327,2112,0
1,1,1,http://192.168.0.124,3153,2019-07-20 13:01:47.037388844,955,0,1,7,0,322,2823,0
1,1,1,http://192.168.0.124,3154,2019-07-20 13:01:47.037954914,821,0,1,11,1,0,0,1
1,1,1,http://192.168.0.124,3155,2019-07-20 13:01:47.038493879,124,0,1,7,0,289,12640,0
1,1,1,http://192.168.0.124,3156,2019-07-20 13:01:47.039048517,817,0,1,7,0,333,1819,0
1,1,1,http://192.168.0.124,3157,2019-07-20 13:01:47.039589526,568,0,1,7,0,162,1569,0
1,1,1,http://192.168.0.124,3158,2019-07-20 13:01:47.040103940,923,8,2,2,0,98,32,0
1,1,1,http://192.168.0.124,3159,2019-07-20 13:01:47.040653631,318,0,1,7,0,287,1281,0
1,1,1,http://192.168.0.124,3160,2019-07-20 13:01:47.041199967,138,0,1,7,0,284,2081,0
1,1,1,http://192.168.0.124,3161,2019-07-20 13:01:47.041778755,24,0,1,11,1,0,0,1
1,1,1,http://192.168.0.124,3162,2019-07-20 13:01:47.042232006,710,0,1,7,0,196,17602,0
1,1,1,http://192.168.0.124,3163,2019-07-20 13:01:47.042843524,946,0,1,11,1,0,0,1
1,1,1,http://192.168.0.124,3164,2019-07-20 13:01:47.043379958,32,0,1,7,0,173,4522,0
1,1,1,http://192.168.0.124,3165,2019-07-20 13:01:47.043943339,164,0,1,7,0,220,8970,0
1,1,1,http://192.168.0.124,3166,2019-07-20 13:01:47.044481514,924,1,1,12,0,1145,330,0
1,1,1,http://192.168.0.124,3167,2019-07-20 13:01:47.045156956,784,0,1,7,0,227,1484,0
1,1,1,http://192.168.0.124,3168,2019-07-20 13:01:47.045637768,41,0,1,7,0,198,471,0
1,1,1,http://192.168.0.124,3169,2019-07-20 13:01:47.046222011,559,0,1,7,0,302,3966,0
1,1,1,http://192.168.0.124,3170,2019-07-20 13:01:47.046787965,478,0,2,2,0,31,0,0
1,1,1,http://192.168.0.124,3171,2019-07-20 13:01:47.047327791,587,0,1,7,0,294,1227,0
1,1,1,http://192.168.0.124,3172,2019-07-20 13:01:47.047904592,246,0,1,7,0,246,1694,0
1,1,1,http://192.168.0.124,3173,2019-07-20 13:01:47.048475800,479,0,1,7,0,194,9841,0
1,1,1,http://192.168.0.124,3174,2019-07-20 13:01:47.048954570,694,0,1,7,0,286,1415,0
1,1,1,http://192.168.0.124,3175,2019-07-20 13:01:47.049512143,991,0,1,7,0,294,1719,0
1,1,1,http://192.168.0.124,3176,2019-07-20 13:01:47.050082855,565,0,1,7,0,252,1629,0
1,1,1,http://192.168.0.124,3177,2019-07-20 13:01:47.050922967,516,0,1,7,0,227,3218,0
1,1,1,http://192.168.0.124,3178,2019-07-20 13:01:47.051811437,635,0,1,7,0,319,1718,0
1,1,1,http://192.168.0.124,3179,2019-07-20 13:01:47.052565088,643,0,1,12,0,2362,372,0
1,1,1,http://192.168.0.124,3180,2019-07-20 13:01:47.053125062,543,0,1,7,0,230,2118,0
1,1,1,http://192.168.0.124,3181,2019-07-20 13:01:47.053668924,921,102,1,7,0,201,2613,0
1,1,1,http://192.168.0.124,3182,2019-07-20 13:01:47.054293769,362,0,0,4,0,30,0,0
1,1,1,http://192.168.0.124,3183,2019-07-20 13:01:47.054875439,65,0,1,7,0,218,1692,0
1,1,1,http://192.168.0.124,3184,2019-07-20 13:01:47.055549388,765,0,1,7,0,213,315,0
1,1,1,http://192.168.0.124,3185,2019-07-20 13:01:47.056103368,907,0,1,7,0,297,2762,0
1,1,1,http://192.168.0.124,3186,2019-07-20 13:01:47.056679276,653,0,1,7,0,174,4895,0
1,1,1,http://192.168.0.124,3187,2019-07-20 13:01:47.057240182,481,0,1,7,0,231,2281,0
1,1,1,http://192.168.0.124,3188,2019-07-20 13:01:47.057807830,808,0,1,7,0,205,424,0
1,1,1,http://192.168.0.124,3189,2019-07-20 13:01:47.058349603,714,0,1,11,1,0,0,1
1,1,1,http://192.168.0.124,3190,2019-07-20 13:01:47.058892036,999,0,1,12,0,1375,328,0
1,1,1,http://192.168.0.124,3191,2019-07-20 13:01:47.059348744,154,0,1,7,0,301,1035,0
1,1,1,http://192.168.0.124,3192,2019-07-20 13:01:47.059891622,304,0,1,7,0,172,524,0
1,1,1,http://192.168.0.124,3193,2019-07-20 13:01:47.060433223,789,0,1,7,0,195,24572,0
1,1,1,http://192.168.0.124,3194,2019-07-20 13:01:47.061076246,451,0,1,7,0,212,24572,0
1,1,1,http://192.168.0.124,3195,2019-07-20 13:01:47.061673150,801,0,1,7,0,212,43129,0
1,1,1,http://192.168.0.124,3196,2019-07-20 13:01:47.062136310,393,0,1,7,0,240,8159,0
1,1,1,http://192.168.0.124,3197,2019-07-20 13:01:47.062678367,582,0,1,7,0,145,4466,0
1,1,1,http://192.168.0.124,3198,2019-07-20 13:01:47.063223080,371,0,1,9,1,0,0,1
1,1,1,http://192.168.0.124,3199,2019-07-20 13:01:47.063774179,561,0,1,7,0,325,2531,0
1,1,1,http://192.168.0.124,3200,2019-07-20 13:01:47.064410865,448,0,1,7,0,207,5575,0
1,1,1,http://192.168.0.124,3201,2019-07-20 13:01:47.064964957,807,0,1,7,0,337,330,0
1,1,1,http://192.168.0.124,3202,2019-07-20 13:01:47.065428031,672,0,1,7,0,219,643,0
1,1,1,http://192.168.0.124,3203,2019-07-20 13:01:47.066017183,97,0,1,7,0,216,718,0
1,1,1,http://192.168.0.124,3204,2019-07-20 13:01:47.066558491,1002,0,1,7,0,292,1719,0
1,1,1,http://192.168.0.124,3205,2019-07-20 13:01:47.067154555,165,0,1,12,0,1622,454,0
1,1,1,http://192.168.0.124,3206,2019-07-20 13:01:47.067738379,576,0,1,7,0,228,5915,0
1,1,1,http://192.168.0.124,3207,2019-07-20 13:01:47.068293406,562,0,1,11,1,0,0,1
1,1,1,http://192.168.0.124,3208,2019-07-20 13:01:47.068744934,301,0,1,7,0,323,1680,0
1,1,1,http://192.168.0.124,3209,2019-07-20 13:01:47.069288007,656,0,1,7,0,170,5295,0
1,1,1,http://192.168.0.124,3210,2019-07-20 13:01:47.069831771,192,0,1,7,0,152,8159,0
1,1,1,http://192.168.0.124,3211,2019-07-20 13:01:47.070378202,159,0,1,11,1,0,0,1
1,1,1,http://192.168.0.124,3212,2019-07-20 13:01:47.070918319,574,0,1,7,0,334,2654,0
1,1,1,http://192.168.0.124,3213,2019-07-20 13:01:47.071377760,917,0,1,7,0,214,14959,0
1,1,1,http://192.168.0.124,3214,2019-07-20 13:01:47.071990678,285,0,1,7,0,241,259,0
1,1,1,http://192.168.0.124,3215,2019-07-20 13:01:47.072768418,805,0,1,1,1,0,0,1
1,1,1,http://192.168.0.124,3216,2019-07-20 13:01:47.073412746,431,1,1,12,0,1572,337,0
1,1,1,http://192.168.0.124,3217,2019-07-20 13:01:47.073993073,517,0,1,7,0,295,2325,0
1,1,1,http://192.168.0.124,3218,2019-07-20 13:01:47.074542554,278,0,1,7,0,218,13340,0
1,1,1,http://192.168.0.124,3219,2019-07-20 13:01:47.075180411,943,0,1,11,1,0,0,1
1,1,1,http://192.168.0.124,3220,2019-07-20 13:01:47.076077611,680,0,1,7,0,309,1425,0
1,1,1,http://192.168.0.124,3221,2019-07-20 13:01:47.077178461,762,0,1,7,0,239,638,0
1,1,1,http://192.168.0.124,3222,2019-07-20 13:01:47.077912743,325,0,1,7,0,242,1416,0
1,1,1,http://192.168.0.124,3223,2019-07-20 13:01:47.078477156,715,0,1,7,0,358,2194,0
1,1,1,http://192.168.0.124,3224,2019-07-20 13:01:47.079034924,540,0,1,7,0,164,16963,0
1,1,1,http://192.168.0.124,3225,2019-07-20 13:01:47.079651990,133,0,1,7,0,199,5575,0
1,1,1,http://192.168.0.124,3226,2019-07-20 13:01:47.080116321,450,0,1,7,0,197,321,0
1,1,1,http://192.168.0.124,3227,2019-07-20 13:01:47.080662820,734,0,1,7,0,310,1408,0
1,1,1,http://192.168.0.124,3228,2019-07-20 13:01:47.081208652,811,0,1,7,0,311,337,0
1,1,1,http://192.168.0.124,3229,2019-07-20 13:01:47.081755330,933,0,1,7,0,210,1707,0
1,1,1,http://192.168.0.124,3230,2019-07-20 13:01:47.082346467,196,0,1,7,0,314,321,0
1,1,1,http://192.168.0.124,3231,2019-07-20 13:01:47.082845555,136,0,1,7,0,233,1035,0
1,1,1,http://192.168.0.124,3232,2019-07-20 13:01:47.083497995,990,0,1,7,0,304,783,0
1,1,1,http://192.168.0.124,3233,2019-07-20 13:01:47.084087894,239,0,1,7,0,238,1645,0
1,1,1,http://192.168.0.124,3234,2019-07-20 13:01:47.084634884,1000,0,1,12,0,751,279,0
1,1,1,http://192.168.0.124,3235,2019-07-20 13:01:47.085225844,489,0,1,11,1,0,0,1
1,1,1,http://192.168.0.124,3236,2019-07-20 13:01:47.085816235,353,0,1,7,0,217,24860,0
1,1,1,http://192.168.0.124,3237,2019-07-20 13:01:47.086319324,25,0,1,7,0,213,2164,0
1,1,1,http://192.168.0.124,3238,2019-07-20 13:01:47.086898410,181,0,1,7,0,267,6407,0
1,1,1,http://192.168.0.124,3239,2019-07-20 13:01:47.087451390,66,0,1,11,1,0,0,1
1,1,1,http://192.168.0.124,3240,2019-07-20 13:01:47.088053856,832,0,1,7,0,315,1263,0
1,1,1,http://192.168.0.124,3241,2019-07-20 13:01:47.088618527,321,0,1,11,1,0,0,1
1,1,1,http://192.168.0.124,3242,2019-07-20 13:01:47.089199797,989,0,2,2,0,103,0,0
1,1,1,http://192.168.0.124,3243,2019-07-20 13:01:47.089686855,777,0,1,11,1,0,0,1
1,1,1,http://192.168.0.124,3244,2019-07-20 13:01:47.090243500,34,0,1,12,0,1367,335,0
1,1,1,http://192.168.0.124,3245,2019-07-20 13:01:47.090798902,596,0,1,7,0,198,12884,0
1,1,1,http://192.168.0.124,3246,2019-07-20 13:01:47.091352181,802,0,1,7,0,200,2441,0
1,1,1,http://192.168.0.124,3247,2019-07-20 13:01:47.091897733,881,0,1,7,0,292,12439,0
1,1,1,http://192.168.0.124,3248,2019-07-20 13:01:47.092452442,87,0,1,7,0,272,913,0
1,1,1,http://192.168.0.124,3249,2019-07-20 13:01:47.093009651,772,0,1,11,1,0,0,1
1,1,1,http://192.168.0.124,3250,2019-07-20 13:01:47.093550620,202,0,1,7,0,317,2083,0
1,1,1,http://192.168.0.124,3251,2019-07-20 13:01:47.094127745,722,0,1,7,0,327,6827,0
1,1,1,http://192.168.0.124,3252,2019-07-20 13:01:47.094673446,395,0,1,7,0,224,12884,0
1,1,1,http://192.168.0.124,3253,2019-07-20 13:01:47.095222755,795,0,0,4,0,30,0,0
1,1,1,http://192.168.0.124,3254,2019-07-20 13:01:47.095683981,426,0,1,7,0,293,4203,0
1,1,1,http://192.168.0.124,3255,2019-07-20 13:01:47.096247276,673,0,1,7,0,220,3042,0
1,1,1,http://192.168.0.124,3256,2019-07-20 13:01:47.096840093,950,0,1,7,0,370,520,0
1,1,1,http://192.168.0.124,3257,2019-07-20 13:01:47.097388963,747,0,1,11,1,0,0,1
1,1,1,http://192.168.0.124,3258,2019-07-20 13:01:47.097973724,399,0,1,11,1,0,0,1
1,1,1,http://192.168.0.124,3259,2019-07-20 13:01:47.098465909,70,0,1,7,0,236,1680,0
1,1,1,http://192.168.0.124,3260,2019-07-20 13:01:47.099043618,829,0,1,7,0,319,1467,0
1,1,1,http://192.168.0.124,3261,2019-07-20 13:01:47.099618442,700,0,1,7,0,223,1694,0
1,1,1,http://192.168.0.124,3262,2019-07-20 13:01:47.100532267,931,0,1,7,0,220,850,0
1,1,1,http://192.168.0.124,3263,2019-07-20 13:01:47.101635316,884,0,1,7,0,239,1525,0
1,1,1,http://192.168.0.124,3264,2019-07-20 13:01:47.102462037,760,0,1,7,0,237,4326,0
1,1,1,http://192.168.0.124,3265,2019-07-20 13:01:47.103000454,628,1,1,12,0,1149,329,0
1,1,1,http://192.168.0.124,3266,2019-07-20 13:01:47.103557241,498,0,1,7,0,308,11283,0
1,1,1,http://192.168.0.124,3267,2019-07-20 13:01:47.104251427,536,0,1,11,1,0,0,1
1,1,1,http://192.168.0.124,3268,2019-07-20 13:01:47.104884230,12,0,1,11,1,0,0,1
1,1,1,http://192.168.0.124,3269,2019-07-20 13:01:47.105472859,90,0,1,7,0,248,2129,0
1,1,1,http://192.168.0.124,3270,2019-07-20 13:01:47.106077744,736,0,2,10,0,48,48,0
1,1,1,http://192.168.0.124,3271,2019-07-20 13:01:47.106579652,428,0,1,7,0,294,4109,0
1,1,1,http://192.168.0.124,3272,2019-07-20 13:01:47.107167976,77,0,1,7,0,219,308,0
1,1,1,http://192.168.0.124,3273,2019-07-20 13:01:47.107745535,425,0,1,7,0,240,2164,0
1,1,1,http://192.168.0.124,3274,2019-07-20 13:01:47.108313519,294,0,1,7,0,216,1726,0
1,1,1,http://192.168.0.124,3275,2019-07-20 13:01:47.108929889,564,0,1,7,0,338,5835,0
1,1,1,http://192.168.0.124,3276,2019-07-20 13:01:47.109398897,890,0,1,7,0,317,12640,0
1,1,1,http://192.168.0.124,3277,2019-07-20 13:01:47.109975438,861,0,1,7,0,309,491,0
1,1,1,http://192.168.0.124,3278,2019-07-20 13:01:47.110529242,685,0,1,12,0,1173,403,0
1,1,1,http://192.168.0.124,3279,2019-07-20 13:01:47.111088844,350,0,2,2,0,45,114,0
1,1,1,http://192.168.0.124,3280,2019-07-20 13:01:47.111726348,383,0,1,11,1,0,0,1
1,1,1,http://192.168.0.124,3281,2019-07-20 13:01:47.112287374,692,0,1,7,0,300,484,0
1,1,1,http://192.168.0.124,3282,2019-07-20 13:01:47.112753854,526,0,1,7,0,198,1108,0
1,1,1,http://192.168.0.124,3283,2019-07-20 13:01:47.113315481,162,0,1,7,0,222,763,0
1,1,1,http://192.168.0.124,3284,2019-07-20 13:01:47.113867430,474,0,1,7,0,200,4213,0
1,1,1,http://192.168.0.124,3285,2019-07-20 13:01:47.114428695,422,0,1,7,0,288,1105,0
1,1,1,http://192.168.0.124,3286,2019-07-20 13:01:47.115017263,681,0,1,7,0,221,2112,0
1,1,1,http://192.168.0.124,3287,2019-07-20 13:01:47.115484393,763,0,1,7,0,307,3727,0
1,1,1,http://192.168.0.124,3288,2019-07-20 13:01:47.116046465,238,0,1,7,0,240,1469,0
1,1,1,http://192.168.0.124,3289,2019-07-20 13:01:47.116646293,3,0,1,7,0,174,6345,0
1,1,1,http://192.168.0.124,3290,2019-07-20 13:01:47.117214374,161,0,1,11,1,0,0,1
